country,Region,Surface area (km2),Population in thousands (2017),"Population density (per km2, 2017)","Sex ratio (m per 100 f, 2017)",GDP: Gross domestic product (million current US$),"GDP growth rate (annual %, const. 2005 prices)",GDP per capita (current US$),Economy: Agriculture (% of GVA),Economy: Industry (% of GVA),Economy: Services and other activity (% of GVA),Employment: Agriculture (% of employed),Employment: Industry (% of employed),Employment: Services (% of employed),Unemployment (% of labour force),Labour force participation (female/male pop. %),Agricultural production index (2004-2006=100),Food production index (2004-2006=100),International trade: Exports (million US$),International trade: Imports (million US$),International trade: Balance (million US$),"Balance of payments, current account (million US$)",Population growth rate (average annual %),Urban population (% of total population),Urban population growth rate (average annual %),"Fertility rate, total (live births per woman)","Life expectancy at birth (females/males, years)","Population age distribution (0-14 / 60+ years, %)",International migrant stock (000/% of total pop.),Refugees and others of concern to UNHCR (in thousands),Infant mortality rate (per 1000 live births,Health: Total expenditure (% of GDP),Health: Physicians (per 1000 pop.),Education: Government expenditure (% of GDP),Education: Primary gross enrol. ratio (f/m per 100 pop.),Education: Secondary gross enrol. ratio (f/m per 100 pop.),Education: Tertiary gross enrol. ratio (f/m per 100 pop.),Seats held by women in national parliaments %,Mobile-cellular subscriptions (per 100 inhabitants),Mobile-cellular subscriptions (per 100 inhabitants),Individuals using the Internet (per 100 inhabitants),Threatened species (number),Forested area (% of land area),CO2 emission estimates (million tons/tons per capita),"Energy production, primary (Petajoules)",Energy supply per capita (Gigajoules),"Pop. using improved drinking water (urban/rural, %)","Pop. using improved sanitation facilities (urban/rural, %)",Net Official Development Assist. received (% of GNI)
Afghanistan,SouthernAsia,652864,35530,54.4,106.3,20270,-2.4,623.2,23.3,23.3,53.3,61.6,10.0,28.5,8.6,19.3/83.6,125,125,1458,3568,-2110,-5121,3.2,26.7,4.0,5.3,63.5/61.0,43.2/4.1,382.4/1.2,1513.1,68.6,8.2,0.3,3.3,91.1/131.6,39.7/70.7,3.7/13.3,27.7,61.6,8.3,42,2.1,9.8/0.3,63,5,78.2/47.0,45.1/27.0,21.43,-99
Albania,SouthernEurope,28748,2930,106.9,101.9,11541,2.6,3984.2,22.4,26.0,51.7,41.4,18.3,40.3,15.8,40.2/61.0,134,134,1962,4669,-2707,-1222,-0.1,57.4,2.2,1.7,79.9/75.6,17.4/19.0,57.6/2.0,8.8,14.6,5.9,1.3,3.5,111.7/115.5,92.5/98.8,68.1/48.7,22.9,106.4,63.3,130,28.2,5.7/2.0,84,36,94.9/95.2,95.5/90.2,2.96,-99
Algeria,NorthernAfrica,2381741,41318,17.3,102.0,164779,3.8,4154.1,12.2,37.3,50.5,10.8,34.5,54.7,11.4,17.0/70.7,160,161,29992,47091,-17099,-27229,2.0,70.7,2.8,3.0,76.5/74.1,29.3/9.4,242.4/0.6,99.8,27.7,7.2,...,...,112.7/119.5,101.7/98.1,45.1/28.9,31.6,113.0,38.2,135,0.8,145.4/3.7,5900,55,84.3/81.8,89.8/82.2,0.05,-99
American Samoa,Polynesia,199,56,278.2,103.6,-99,-99,-99,-99,-99,-99,...,...,...,...,.../...,112,112,-99,-99,-99,-99,-~0.0,87.2,-0.1,2.6,77.8/71.1,33.3/9.0,23.2/41.8,-99,9.6,-99,-99,-99,-99,-99,-99,-99,...,-99,92,87.9,-99,-99,-99,100.0/100.0,62.5/62.5,-99,-99
Andorra,SouthernEurope,468,77,163.8,102.3,2812,0.8,39896.4,0.5,10.8,88.6,-99,-99,-99,-99,-99,-99,-99,100,1355,-1255,-99,-1.6,85.1,0.1,1.2,-99,14.4/19.0,42.1/59.7,-99,-99,8.1,3.7,3.3,-99,-99,-99,32.1,88.1,96.9,13,34.0,0.5/6.4,1,119,100.0/100.0,100.0/100.0,-99,-99
Angola,MiddleAfrica,1246700,29784,23.9,96.2,117955,3.0,4714.1,6.8,51.2,42.0,4.2,37.6,58.2,6.6,59.8/77.1,175,176,21011,8790,12221,-10273,3.5,44.1,5.0,6.0,63.0/57.4,46.8/4.0,106.8/0.4,45.7,65.4,3.3,...,...,100.4/156.9,22.7/35.1,8.2/10.4,38.2,60.8,12.4,146,46.5,34.8/1.4,3902,25,75.4/28.2,88.6/22.5,0.42,-99
Anguilla,Caribbean,91,15,165.7,97.6,320,2.9,21879.6,2.3,15.7,82.0,...,...,...,...,.../...,-99,-99,2,154,-153,-48,1.2,100.0,1.2,...,.../...,23.3/7.6,5.5/37.4,~0.0,-99,-99,-99,...,-99,-99,-99,-99,177.9,76.0,52,61.1,0.1/9.8,0,136,94.6/...,97.9/...,-99,-99
Antigua and Barbuda,Caribbean,442,102,231.8,92.3,1356,4.1,14764.5,1.9,18.3,79.8,...,...,...,...,.../...,88,88,61,491,-429,-204,1.1,23.8,-0.9,2.1,78.2/73.3,23.9/10.9,28.1/30.6,~0.0,9.1,5.5,-99,...,94.1/100.0,103.8/101.6,31.1/15.1,11.1,137.2,65.2,55,22.3,0.5/5.8,-99,84,97.9/97.9,91.4/91.4,0.12,-99
Argentina,SouthAmerica,2780400,44271,16.2,95.9,632343,2.4,14564.5,6.0,27.8,66.2,2.0,24.8,73.1,6.5,48.6/74.4,119,119,57733,55610,2124,-15944,1.0,91.8,1.0,2.3,79.8/72.2,24.9/15.4,2086.3/4.8,5.0,13.7,4.8,3.8,5.3,109.8/110.2,110.3/103.4,102.9/63.5,38.9,143.9,69.4,256,10.0,204.0/4.7,3167,85,99.0/100.0,96.2/98.3,0.01,-99
Armenia,WesternAsia,29743,2930,102.9,88.8,10529,3.0,3489.1,19.0,28.3,52.8,35.0,15.7,49.3,16.6,55.3/74.2,135,135,1776,3230,-1455,-279,0.3,62.7,-0.1,1.6,77.0/70.6,20.0/16.9,191.2/6.3,19.3,13.2,4.5,2.8,2.8,98.5/98.5,89.0/88.1,46.9/41.6,9.9,115.2,58.2,114,11.7,5.5/1.8,48,46,100.0/100.0,96.2/78.2,3.17,-99
Aruba,Caribbean,180,105,584.8,90.4,2702,0.1,26005.4,0.5,15.4,84.1,0.6,14.0,85.1,...,58.8/69.6,-99,-99,95,1117,-1022,96,0.5,41.5,-0.3,1.8,77.8/72.9,17.9/19.7,36.1/34.8,~0.0,14.8,-99,-99,6.2,115.4/119.1,112.1/110.3,21.4/9.4,-99,135.7,88.7,32,2.3,0.9/8.4,1,120,98.1/98.1,97.7/97.7,-99,-99
Australia,Oceania,7692060,24451,3.2,99.3,1230859,2.4,51352.2,2.5,26.5,71.1,2.7,21.2,76.1,5.5,58.4/70.7,111,111,189630,189406,224,-57746,1.5,89.4,1.5,1.9,84.4/80.2,19.0/21.0,6763.7/28.2,58.2,3.9,9.4,3.4,5.2,102.1/102.3,133.6/141.3,106.3/75.4,28.7,132.8,84.6,948,16.2,361.3/15.3,15282,222,100.0/100.0,100.0/100.0,-99,-99
Austria,WesternEurope,83871,8736,106.0,96.2,376967,1.0,44117.7,1.3,28.3,70.4,4.7,25.6,69.7,6.2,54.6/65.8,108,108,145503,149299,-3795,7020,0.6,66.0,0.4,1.4,83.5/78.4,14.1/25.1,1492.4/17.5,166.4,3.3,11.2,5.2,5.5,102.2/103.7,97.6/102.4,89.2/74.3,30.6,157.4,83.9,118,46.9,58.7/6.9,505,158,100.0/100.0,100.0/100.0,-99,-99
Azerbaijan,WesternAsia,86600,9828,118.9,99.3,53049,0.7,5438.7,6.7,49.9,43.4,36.7,14.2,49.1,5.2,62.0/68.8,131,136,9143,8532,611,-222,1.3,54.6,1.6,2.1,74.6/68.6,23.3/10.1,264.2/2.7,623.3,31.4,6.0,3.4,2.6,105.6/107.4,-99,27.5/23.6,16.8,111.3,77.0,97,13.5,37.5/3.9,2459,61,94.7/77.8,91.6/86.6,0.14,-99
Bahamas,Caribbean,13940,395,39.5,95.9,8854,-1.7,22817.2,1.6,12.7,85.7,3.9,14.2,81.9,14.7,69.4/79.1,132,132,365,2904,-2539,-1409,1.4,82.9,1.5,1.8,78.1/72.0,20.5/13.5,59.3/15.3,0.1,9.1,7.7,...,...,.../...,.../...,-99,13.2,80.3,78.0,86,51.4,2.4/6.3,0,90,98.4/98.4,92.0/92.0,-99,-99
Bahrain,WesternAsia,771,1493,1963.9,168.3,31126,2.9,22600.2,0.3,40.7,59.0,1.0,33.4,65.6,1.3,38.5/84.9,167,167,12892,14749,-1856,1124,2.0,88.8,1.7,2.1,77.5/75.6,19.7/4.6,704.1/51.1,0.4,6.9,5.0,0.9,2.7,101.8/100.6,101.9/102.4,59.4/30.9,7.5,185.3,93.5,36,0.8,31.3/23.0,961,413,100.0/100.0,99.2/99.2,-99,-99
Bangladesh,SouthernAsia,147570,164670,1265.0,101.7,194466,6.6,1207.9,15.5,28.1,56.3,40.6,19.1,40.3,4.0,43.2/81.1,141,140,36031,52624,-16593,2687,1.2,34.3,3.6,2.2,72.9/69.8,28.4/7.3,1422.8/0.9,233.0,33.3,2.8,0.4,1.9,125.1/116.0,67.4/59.8,11.4/15.4,20.3,83.4,14.4,151,11.0,73.2/0.5,1438,11,86.5/87.0,57.7/62.1,1.24,-99
Barbados,Caribbean,431,286,664.5,91.9,4385,0.9,15429.4,1.7,12.1,86.2,2.8,19.3,77.9,11.3,61.8/70.0,88,88,517,1621,-1104,-248,0.3,31.5,0.1,1.8,77.7/72.9,19.1/21.0,34.5/12.1,~0.0,9.6,7.5,...,6.6,94.2/93.1,110.7/107.9,90.6/40.3,16.7,116.5,76.1,56,14.7,1.3/4.5,2,59,99.7/99.7,96.2/96.2,...,-99
Belarus,EasternEurope,207600,9468,46.7,87.0,54609,-3.9,5750.8,7.5,38.9,53.6,9.6,32.0,58.4,0.5,54.0/67.8,122,122,23414,27464,-4050,-2037,~0.0,76.7,~0.0,1.6,77.7/66.5,16.7/21.3,1082.9/11.4,7.9,3.6,5.7,4.1,4.9,101.3/101.4,106.4/107.8,100.7/75.9,34.5,123.6,62.2,25,42.5,63.5/6.7,155,122,99.9/99.1,94.1/95.2,0.20,-99
Belgium,WesternEurope,30528,11429,377.5,97.3,455107,1.5,40277.8,0.7,22.2,77.1,1.2,21.2,77.6,8.3,48.1/58.9,108,107,398033,372713,25321,1936,0.6,97.9,0.5,1.8,83.0/78.0,17.1/24.6,1387.9/12.3,63.8,3.5,10.6,3.0,6.6,104.2/104.2,177.7/156.4,85.4/65.0,38.0,115.7,85.1,37,22.6,93.4/8.3,520,196,100.0/100.0,99.5/99.4,-99,-99
Belize,CentralAmerica,22966,375,16.4,99.2,1721,1.2,4789.4,14.6,18.5,66.9,16.1,15.9,67.9,11.5,56.7/83.8,97,97,246,952,-706,-175,2.2,44.0,1.9,2.6,72.7/67.2,31.4/6.2,53.9/15.0,3.1,14.3,5.8,...,6.4,110.4/115.8,81.8/79.8,28.7/17.9,9.4,48.9,41.6,117,60.1,0.5/1.4,9,36,98.9/100.0,93.5/88.2,1.68,-99
Benin,WesternAfrica,114763,11176,99.1,99.5,8476,5.2,779.1,23.2,24.9,51.9,43.2,10.2,46.6,1.0,70.0/73.4,152,158,410,2630,-2220,-885,2.8,44.0,3.7,5.2,61.4/58.5,42.7/5.0,245.4/2.3,0.8,67.7,4.6,0.1,4.4,123.7/134.2,46.8/66.7,8.4/22.4,7.2,85.6,6.8,88,38.7,6.3/0.6,96,17,85.2/72.1,35.6/7.3,5.09,-99
Bermuda,NorthernAmerica,53,61,1227.0,91.4,5853,0.4,94399.9,0.7,5.3,94.0,1.6,10.3,87.6,6.7,72.6/80.0,115,115,8,971,-963,817,-0.6,100.0,0.2,1.5,85.1/77.5,14.8/24.9,19.1/30.8,-99,-99,-99,-99,1.7,89.4/91.3,75.5/67.7,34.1/14.7,-99,58.0,98.3,72,20.0,0.6/9.2,1,136,-99,-99,-99,-99
Bhutan,SouthernAsia,38394,808,21.2,113.1,2074,5.2,2677.1,17.2,43.9,38.8,56.6,9.7,33.7,2.4,59.4/73.5,98,98,616,1688,-1072,-579,1.6,38.6,3.7,2.2,68.9/68.6,26.5/7.3,51.1/6.6,-99,30.5,3.6,0.3,7.4,96.9/96.6,87.1/81.4,9.2/12.6,8.5,87.1,39.8,71,72.0,1.0/1.3,75,82,100.0/100.0,77.9/33.1,5.26,-99
Bolivia (Plurinational State of),SouthAmerica,1098581,11052,10.2,100.2,32998,4.8,3076.8,12.6,31.0,56.5,29.5,21.1,49.4,3.8,64.1/82.6,142,143,6969,8374,-1405,-1854,1.6,68.5,2.3,3.0,70.2/65.3,31.6/9.5,143.0/1.3,0.8,42.9,6.3,0.5,7.3,95.7/98.5,85.7/87.1,.../...,53.1,92.2,45.1,231,50.8,20.4/1.9,962,32,96.7/75.6,60.8/27.5,2.38,-99
"Bonaire, Sint Eustatius and Saba",Caribbean,-99,25,77.4,-99,-99,-99,-99,-99,-99,-99,-99,-99,-99,-99,-99,-99,-99,-99,-99,-99,-99,3.2,74.7,2.4,-99,-99,-99,13.0/52.3,...,-99,-99,-99,-99,-99,-99,-99,-99,-99,-99,56,-99,0.3/13.3,0,208,-99,-99,-99,-99
Bosnia and Herzegovina,SouthernEurope,51209,3507,68.8,96.4,16251,3.1,4265.0,7.3,26.5,66.2,18.0,30.4,51.7,25.4,34.3/57.5,96,97,5327,9130,-3803,-923,-1.0,39.8,0.1,1.3,78.8/73.7,14.1/23.4,34.8/0.9,157.6,7.6,9.6,1.9,-99,-99,-99,-99,21.4,90.2,65.1,91,42.7,22.2/5.8,252,85,99.7/100.0,98.9/92.0,2.20,-99
Botswana,SouthernAfrica,582000,2292,4.0,97.7,14391,-0.3,6360.6,2.4,33.4,64.2,25.7,14.9,59.4,18.6,73.6/81.6,110,110,7321,6103,1218,1120,1.8,57.4,1.3,2.9,66.1/59.8,31.4/6.4,160.6/7.1,2.8,35.2,5.4,0.4,...,105.8/109.4,.../...,27.7/19.2,9.5,169.0,27.5,28,19.3,7.0/3.2,47,44,99.2/92.3,78.5/43.1,0.46,-99
Brazil,SouthAmerica,8515767,209288,25.0,96.6,1772591,-3.8,8528.3,5.2,22.7,72.0,15.2,21.5,63.2,12.4,56.0/78.2,135,136,185235,137552,47683,-58882,0.9,85.7,1.2,1.8,78.4/71.0,21.7/12.6,713.6/0.3,41.1,15.8,8.3,1.9,6.0,113.8/116.8,102.2/97.2,59.3/42.4,10.7,126.6,59.1,990,59.2,529.8/2.6,10948,61,100.0/87.0,88.0/51.5,0.06,-99
British Virgin Islands,Caribbean,151,31,208.0,97.1,908,-1.1,30144.5,1.0,11.1,87.8,...,...,...,-99,-99,103,103,~0,444,-444,-99,2.0,46.2,1.8,...,.../...,.../...,17.3/57.5,...,-99,-99,-99,6.6,-99,-99,-99,-99,145.8,37.6,67,24.1,0.2/6.0,0,85,.../...,97.5/97.5,-99,-99
Brunei Darussalam,South-easternAsia,5765,429,81.3,106.0,12930,-0.6,30552.7,1.1,60.2,38.7,0.6,19.4,80.1,2.1,50.6/75.0,157,157,4875,2679,2197,2071,1.4,77.2,1.8,1.9,78.4/75.1,23.0/8.0,102.7/24.3,20.5,6.5,2.6,1.5,4.4,108.2/108.1,96.3/95.9,38.6/23.5,9.1,108.1,71.2,193,72.1,9.1/21.8,679,357,-99,-99,-99,-99
Bulgaria,EasternEurope,111002,7085,65.3,94.6,48953,3.0,6846.8,5.1,27.6,67.2,6.5,29.4,64.1,8.1,48.5/60.1,117,119,26088,28875,-2787,196,-0.6,73.9,-0.3,1.5,77.8/70.8,14.2/27.7,102.1/1.4,33.7,8.3,8.4,4.0,4.1,96.7/97.7,97.4/100.5,82.9/65.4,19.2,129.3,56.7,104,35.1,42.4/5.9,474,103,99.6/99.0,86.8/83.7,-99,-99
Burkina Faso,WesternAfrica,272967,19193,70.2,99.5,11065,4.1,611.1,34.5,21.8,43.7,80.0,4.9,15.1,2.9,76.5/90.5,131,134,2019,3699,-1680,-998,3.0,29.9,5.9,5.6,59.3/58.0,45.2/3.9,704.7/3.9,32.7,64.8,5.0,~0.0,4.1,86.1/89.9,32.2/35.1,3.8/7.3,11.0,80.6,11.4,31,19.8,2.8/0.1,123,9,97.5/75.8,50.4/6.7,9.11,-99
Burundi,EasternAfrica,27830,10864,423.1,96.9,2735,-4.1,244.6,36.3,13.9,49.8,91.1,2.6,6.3,1.7,84.6/82.7,109,122,123,625,-502,-375,3.0,12.1,5.7,6.0,58.0/54.2,45.0/4.4,286.8/2.6,103.2,77.8,7.5,...,5.4,124.5/123.1,40.5/44.5,2.4/7.7,36.4,46.2,4.9,61,10.6,0.4/~0.0,56,6,91.1/73.8,43.8/48.6,11.91,-99
Cabo Verde,WesternAfrica,4033,546,135.6,99.3,1603,1.5,3080.2,9.5,19.8,70.7,27.2,11.5,61.3,10.5,53.7/84.6,98,98,29,485,-455,-73,1.2,65.5,2.0,2.5,74.0/70.1,30.2/6.9,14.9/2.9,0.1,22.5,4.8,0.3,5.0,106.9/112.8,98.3/87.7,25.2/18.1,23.6,127.2,43.0,65,22.1,0.5/1.0,2,17,94.0/87.3,81.6/54.3,9.81,-99
Cambodia,South-easternAsia,181035,16005,90.7,95.3,18050,7.0,1158.7,28.2,29.4,42.3,42.4,19.6,38.0,0.3,75.6/87.0,175,177,13204,15313,-2109,-1657,1.6,20.7,2.6,2.7,69.6/65.5,31.3/7.1,74.0/0.5,0.3,29.9,5.7,0.2,1.9,116.2/117.1,.../...,11.8/14.3,20.3,133.0,19.0,255,54.3,6.7/0.4,178,17,100.0/69.1,88.1/30.5,3.97,-99
Cameroon,MiddleAfrica,475650,24054,50.9,100.2,28416,5.8,1217.3,22.7,28.3,49.1,61.8,8.7,29.5,4.6,71.1/81.2,155,160,2130,4899,-2768,-1173,2.7,54.4,3.6,5.0,57.7/55.1,42.7/4.8,382.0/1.6,544.9,67.5,4.1,...,3.0,110.7/123.5,53.5/62.6,15.2/19.7,31.1,71.8,20.7,775,40.3,7.0/0.3,408,14,94.8/52.7,61.8/26.8,2.31,-99
Canada,NorthernAmerica,9984670,36624,4.0,98.5,1552808,0.9,43205.6,1.8,28.6,69.6,2.1,19.5,78.4,7.1,60.7/69.9,109,109,388911,402954,-14043,-53083,1.0,81.8,1.2,1.6,83.8/79.7,16.0/23.5,7835.5/21.8,155.8,4.7,10.4,2.5,5.3,101.1/100.1,110.0/109.8,.../...,26.3,81.9,88.5,122,38.2,537.2/15.1,19276,324,100.0/99.0,100.0/99.0,-99,-99
Cayman Islands,Caribbean,264,62,256.5,100.4,3726,0.7,62132.0,0.3,7.5,92.2,0.8,15.5,83.6,6.3,80.6/85.6,104,104,18,991,-972,-99,1.5,100.0,1.5,...,.../...,18.3/6.7,23.7/39.6,0.1,-99,-99,-99,-99,-99,-99,-99,-99,155.5,77.0,74,52.9,0.5/9.2,-99,130,97.4/...,95.6/...,-99,-99
Central African Republic,MiddleAfrica,622984,4659,7.5,97.3,1633,4.8,333.2,34.9,24.8,40.4,72.2,4.3,23.4,6.9,71.9/84.6,114,113,213,147,66,-99,0.4,40.0,2.6,5.1,51.0/47.8,43.2/5.5,81.6/1.7,470.5,93.5,4.2,...,1.2,79.8/107.3,11.8/23.0,1.5/4.1,8.6,20.4,4.6,60,35.6,0.3/0.1,19,5,89.6/54.4,43.6/7.2,32.25,-99
Chad,MiddleAfrica,1284000,14900,11.8,100.2,10009,6.6,713.0,25.4,39.0,35.6,76.6,2.0,21.4,5.8,64.0/79.3,146,151,1990,1371,619,-99,3.3,22.5,3.4,6.3,52.8/50.5,47.1/4.0,517.0/3.7,512.3,91.2,3.6,~0.0,2.8,88.0/114.6,14.0/30.7,1.1/5.7,12.8,40.2,2.7,43,4.0,0.7/~0.0,288,6,71.8/44.8,31.4/6.5,5.74,-99
Channel Islands,NorthernEurope,180,165,870.1,98.4,-99,-99,-99,-99,-99,-99,5.0,24.5,70.5,8.7,49.9/65.4,-99,-99,-99,-99,-99,-99,0.5,31.5,0.8,1.5,82.4/78.7,14.5/24.5,82.3/50.3,-99,7.9,-99,-99,-99,-99,-99,-99,-99,-99,-99,-99,4.2,-99,-99,-99,-99,-99,-99,-99
Chile,SouthAmerica,756102,18055,24.3,98.2,240796,2.3,13416.2,3.9,32.8,63.3,9.6,22.9,67.5,6.8,50.7/74.7,111,111,59884,58804,1080,-4761,0.9,89.5,1.1,1.8,81.3/76.2,20.3/16.0,469.4/2.6,3.7,7.4,7.8,...,4.9,100.0/103.3,101.3/100.0,94.4/83.0,15.8,129.5,64.3,197,23.4,82.6/4.7,540,85,99.7/93.3,100.0/90.9,0.02,-99
"China, Hong Kong SAR",EasternAsia,1106,7365,7014.2,85.1,309236,2.4,42431.0,0.1,7.2,92.7,0.2,14.9,84.9,3.5,52.6/67.8,34,34,516588,547124,-30536,10101,0.6,100.0,0.7,1.2,86.4/80.5,11.5/23.5,2838.7/38.9,2.5,1.6,-99,-99,3.3,-99,98.8/102.8,73.7/63.5,-99,228.8,84.9,64,-99,46.2/6.4,-99,83,-99,-99,-99,-99
"China, Macao SAR",EasternAsia,30,623,20821.6,92.3,46178,-20.3,78586.4,-99,6.6,93.4,0.3,17.7,82.1,3.2,65.6/76.4,86,86,1257,8924,-7668,11557,2.3,100.0,1.8,1.2,86.2/80.3,13.3/16.1,342.7/58.3,~0.0,3.0,-99,-99,2.0,99.7/101.1,95.9/97.0,86.3/65.2,-99,324.4,77.6,11,-99,1.3/2.2,2,62,-99,-99,-99,-99
China,EasternAsia,9600000,1409517,150.1,106.3,11158457,6.9,8109.1,9.2,41.1,49.7,27.0,23.9,49.1,4.6,63.0/77.7,132,133,2118981,1588696,530285,330602,0.5,55.6,3.0,1.6,77.2/74.2,17.7/16.2,978.0/0.1,301.7,11.6,5.5,1.5,-99,104.3/104.0,95.6/93.2,47.3/39.9,23.7,93.2,50.3,1080,22.0,10291.9/7.5,101394,87,97.5/93.0,86.6/63.7,0.00,-99
Colombia,SouthAmerica,1141748,49066,44.2,96.8,292080,3.1,6056.1,6.8,34.0,59.2,13.5,16.6,69.9,10.5,58.0/79.8,114,115,31045,44831,-13786,-18922,1.0,76.4,1.7,1.9,77.4/70.2,23.5/11.6,133.1/0.3,7127.0,17.9,7.2,...,4.5,111.6/115.4,101.5/94.8,59.9/51.5,18.7,115.7,55.9,835,52.8,84.1/1.8,5380,31,96.8/73.8,85.2/67.9,0.47,-99
Comoros,EasternAfrica,2235,814,437.4,101.8,1079,4.8,1368.9,30.7,4.0,65.3,62.0,5.2,32.8,20.0,35.7/79.5,107,107,20,193,-173,...,2.4,28.3,2.7,4.6,64.5/61.2,39.8/4.9,12.6/1.6,...,58.1,6.7,...,4.3,99.5/106.8,62.4/58.4,8.0/9.8,6.1,54.8,7.5,114,20.1,0.2/0.2,3,6,92.6/89.1,48.3/30.9,12.05,-99
Congo,MiddleAfrica,342000,5261,15.4,100.1,8493,1.2,1838.1,4.7,70.0,25.3,40.7,25.8,33.5,11.5,67.1/72.6,106,106,2540,9793,-7253,...,2.6,65.4,3.2,4.9,64.1/61.0,42.3/5.2,393.0/8.5,54.9,46.5,5.2,...,...,114.8/107.0,50.6/58.4,8.3/11.1,7.4,111.7,7.6,134,65.4,3.1/0.7,648,24,95.8/40.0,20.0/5.6,1.05,-99
Cook Islands,Polynesia,236,17,72.4,97.4,294,5.5,14118.7,8.1,9.0,82.9,4.3,11.7,84.0,8.2,65.4/76.6,91,91,14,98,-84,-99,-1.2,74.5,0.9,2.6,79.6/71.7,26.9/14.2,4.2/19.9,-99,3.6,3.4,...,3.9,99.3/106.0,90.1/83.0,49.5/40.1,-99,-99,-99,75,62.9,0.1/3.4,-99,48,99.9/99.9,97.6/97.6,-99,-99
Costa Rica,CentralAmerica,51100,4906,96.1,100.1,52958,3.7,11015.0,5.1,21.5,73.4,11.6,19.1,69.3,8.6,46.9/76.5,127,129,9908,15322,-5414,-2493,1.1,76.8,2.7,1.9,81.7/76.7,21.6/13.6,421.7/8.8,10.1,9.3,9.3,1.2,7.2,109.5/110.1,125.6/120.7,60.9/46.6,35.1,150.7,59.8,340,53.4,7.8/1.6,110,44,99.6/91.9,95.2/92.3,0.22,-99
Croatia,SouthernEurope,56594,4189,74.9,93.1,48676,1.6,11479.4,4.1,26.6,69.3,9.2,26.8,64.0,11.7,46.3/58.4,91,91,13648,21830,-8182,2492,-0.4,59.0,0.1,1.5,80.4/73.6,14.7/26.8,576.9/13.6,15.5,3.9,7.8,3.1,4.6,98.1/97.8,100.6/95.9,79.8/58.8,19.9,103.8,69.8,176,34.3,16.8/4.0,182,79,99.6/99.7,97.8/95.8,...,-99
Cuba,Caribbean,109884,11485,107.9,100.1,87206,4.4,7656.6,5.0,20.5,74.5,12.9,11.7,75.3,3.0,42.1/68.3,100,101,18000,4911,13089,-99,0.2,77.1,0.1,1.7,81.3/77.1,16.0/20.1,13.3/0.1,0.4,5.5,11.1,7.5,...,94.9/100.1,102.7/98.2,43.0/30.1,48.9,29.6,31.1,339,30.2,34.8/3.0,212,47,96.4/89.8,94.4/89.1,...,-99
Cyprus,WesternAsia,9251,1180,127.7,100.2,19561,1.7,21941.9,2.3,10.6,87.2,4.1,16.7,79.2,10.3,57.8/70.4,80,80,1920,6604,-4684,-576,0.9,66.9,0.9,1.4,82.2/77.7,16.8/18.5,196.2/16.8,16.2,4.2,7.4,2.5,6.1,99.3/99.3,99.4/100.1,69.4/51.1,17.9,95.4,71.7,72,18.7,6.1/5.2,5,72,100.0/100.0,100.0/100.0,-99,-99
Czechia,EasternEurope,78868,10618,137.5,96.7,185156,4.5,17561.7,2.5,37.8,59.7,2.5,37.0,60.5,3.9,51.3/67.8,102,102,161248,140316,20932,1683,0.1,73.0,0.3,1.5,81.2/75.1,15.4/25.6,405.1/3.8,6.0,2.5,7.4,3.7,4.1,99.9/99.6,106.1/105.1,76.3/54.2,20.0,129.2,81.3,53,34.5,96.5/9.2,1221,164,100.0/100.0,99.1/99.2,-99,-99
Democratic People's Republic of Korea,EasternAsia,120538,25491,211.7,95.7,16283,-1.1,648.0,21.6,46.2,32.2,58.9,19.3,21.8,4.3,73.6/85.9,104,103,1010,2757,-1748,-99,0.5,60.9,0.7,2.0,74.1/67.2,20.6/13.5,48.5/0.2,-99,18.5,-99,2.8,-99,76.9/76.7,93.9/92.9,19.8/36.0,16.3,12.9,0.0,78,42.8,40.5/1.6,871,20,99.9/99.4,87.9/72.5,-99,-99
Democratic Republic of the Congo,MiddleAfrica,2344858,81340,35.9,99.6,37569,7.0,486.2,19.9,44.2,35.9,65.3,5.9,28.9,3.6,70.4/71.8,104,104,5103,5906,-803,-1546,3.3,42.5,4.0,6.4,59.5/56.7,46.3/4.7,545.7/0.7,2163.3,73.2,4.3,...,2.2,101.8/112.0,33.3/53.6,4.2/9.1,8.9,53.0,3.8,349,67.4,4.7/0.1,1179,16,81.1/31.2,28.5/28.7,8.01,-99
Denmark,NorthernEurope,42921,5734,135.1,99.0,301308,1.6,53149.3,1.2,22.9,75.8,2.4,19.2,78.4,6.0,58.1/66.0,105,105,94355,85133,9222,27582,0.5,87.7,0.6,1.7,82.2/78.1,16.5/25.3,572.5/10.1,48.2,3.5,10.8,3.6,8.6,100.7/102.3,133.4/128.3,96.3/69.7,37.4,128.3,96.3,47,14.4,33.5/5.9,666,119,100.0/100.0,99.6/99.6,-99,-99
Djibouti,EasternAfrica,23200,957,41.3,100.7,1737,6.5,1956.3,3.3,21.4,75.3,22.8,23.9,53.2,6.6,36.5/68.5,133,133,134,987,-852,-548,1.7,77.3,1.6,3.1,63.2/60.0,31.1/6.4,112.4/12.7,19.9,55.3,10.6,0.2,...,60.9/68.6,43.5/52.9,4.0/5.9,10.8,34.7,11.9,98,0.2,0.7/0.8,3,13,97.4/64.7,59.8/5.1,...,-99
Dominica,Caribbean,750,74,98.6,103.0,512,-1.8,7051.1,15.4,13.2,71.5,...,...,...,...,.../...,110,111,23,214,-191,-72,0.5,69.5,0.8,...,.../...,.../...,6.7/9.2,-99,-99,5.5,...,-99,114.8/117.2,99.8/101.2,-99,25.0,106.3,67.6,66,58.1,0.1/1.9,0,29,95.7/...,.../...,2.36,-99
Dominican Republic,Caribbean,48671,10767,222.8,99.2,67103,7.0,6373.6,6.6,28.0,65.4,13.1,16.9,70.0,14.4,52.3/78.6,136,138,3747,22725,-18978,-1335,1.2,79.0,2.6,2.5,76.4/70.2,29.3/10.2,415.6/3.9,1.3,25.1,4.4,1.5,...,98.7/108.1,81.7/74.1,65.0/35.4,26.8,82.6,51.9,184,40.4,21.5/2.1,28,28,85.4/81.9,86.2/75.7,0.43,-99
Ecuador,SouthAmerica,257217,16625,66.9,99.9,100177,0.2,6205.1,10.1,34.1,55.8,25.7,19.2,55.1,5.8,49.1/79.9,118,119,16798,16189,609,-2201,1.6,63.7,1.9,2.6,78.4/72.8,28.4/10.5,387.5/2.4,133.1,21.1,9.2,1.7,5.0,107.9/107.4,109.2/105.3,45.3/34.6,41.6,79.4,48.9,2358,50.8,43.9/2.8,1247,42,93.4/75.5,87.0/80.7,0.31,-99
Egypt,NorthernAfrica,1002000,97553,98.0,102.3,315917,4.2,3452.3,11.2,36.3,52.5,25.4,25.3,49.3,11.5,23.1/76.2,120,122,22507,58053,-35545,-16786,2.2,43.1,1.7,3.4,73.0/68.7,33.5/7.9,491.6/0.5,256.5,18.9,5.6,0.8,...,103.8/104.1,85.9/86.3,35.6/36.9,14.9,111.0,35.9,156,0.1,201.9/2.2,3509,36,100.0/99.0,96.8/93.1,0.78,-99
El Salvador,CentralAmerica,21041,6378,307.8,88.5,25850,2.5,4219.4,10.8,25.8,63.3,18.6,20.2,61.2,6.4,49.5/79.5,111,117,5335,9855,-4519,-920,0.5,66.7,1.4,2.2,77.1/67.9,27.4/11.6,42.0/0.7,4.7,17.0,6.8,...,3.5,106.8/111.4,79.7/79.2,30.5/27.7,32.1,145.3,26.9,86,13.0,6.3/1.0,86,28,97.5/86.5,82.4/60.0,0.36,-99
Equatorial Guinea,MiddleAfrica,28052,1268,45.2,124.0,13812,-7.4,16344.1,1.2,73.1,25.7,18.8,18.0,63.2,7.7,71.5/91.8,117,118,7443,5456,1987,-99,4.2,39.9,3.1,5.0,58.4/55.5,37.2/4.4,10.8/1.3,-99,70.0,3.8,...,-99,78.2/80.0,.../...,.../...,24.0,66.7,21.3,177,56.3,5.3/6.5,841,87,72.5/31.5,79.9/71.0,0.15,-99
Eritrea,EasternAfrica,117600,5069,50.2,100.4,4783,4.8,914.9,17.2,23.5,59.3,57.0,7.6,35.4,7.3,77.8/90.1,109,109,16,3325,-3310,-99,2.0,22.6,5.1,4.4,65.6/61.4,41.8/5.3,15.9/0.3,2.3,45.0,3.3,...,...,45.9/53.2,28.1/32.9,1.7/3.4,22.0,7.0,1.1,122,15.0,0.7/0.1,27,7,73.2/53.3,44.6/7.3,...,-99
Estonia,NorthernEurope,45227,1310,30.9,88.2,22460,1.4,17112.0,3.4,27.4,69.2,3.8,29.0,67.3,7.2,55.4/69.4,136,136,13952,15759,-1807,493,-0.3,67.5,-0.4,1.6,81.2/71.8,16.4/25.9,202.3/15.4,84.2,3.2,6.4,3.3,5.5,98.5/98.3,114.7/115.6,84.8/55.4,26.7,148.7,88.4,23,52.7,19.5/14.8,242,193,100.0/99.0,97.5/96.6,-99,-99
Ethiopia,EasternAfrica,1104300,104957,105.0,99.7,59917,9.6,602.8,40.5,16.0,43.5,70.5,8.4,21.1,5.7,77.1/89.1,158,157,1724,19121,-17397,...,2.6,19.5,4.9,4.6,65.5/61.9,40.6/5.3,1072.9/1.1,745.7,45.8,4.9,...,4.5,97.2/106.9,34.4/35.9,5.3/10.9,38.8,42.8,11.6,148,12.5,11.6/0.1,1308,15,93.1/48.6,27.2/28.2,5.28,-99
Falkland Islands (Malvinas),SouthAmerica,12173,3,0.2,110.5,-99,-99,-99,-99,-99,-99,-99,-99,-99,1.2,77.2/86.0,96,105,4,17,-13,-99,0.3,76.2,1.0,-99,-99,16.4/15.7,1.6/54.1,-99,-99,-99,-99,-99,-99,-99,-99,-99,163.5,98.3,23,0.0,0.1/18.9,0,257,-99,-99,-99,-99
Faroe Islands,NorthernEurope,1393,49,35.3,107.2,-99,-99,-99,-99,-99,-99,...,...,...,4.0,79.4/86.0,102,102,1192,976,216,...,0.2,42.0,0.5,2.4,84.5/78.3,21.0/22.5,5.5/11.4,-99,-99,-99,-99,-99,-99,-99,-99,-99,127.3,94.2,21,0.1,0.6/12.4,1,182,-99,-99,-99,-99
Fiji,Melanesia,18272,906,49.6,103.1,4391,3.6,4921.9,11.3,18.1,70.7,21.3,2.9,75.8,7.7,37.0/71.2,88,88,926,2316,-1391,-72,0.7,53.7,1.5,2.6,72.9/66.9,28.5/9.9,13.8/1.5,~0.0,16.0,4.5,...,3.9,105.1/106.0,93.4/84.3,.../...,16.0,108.2,46.3,291,55.4,1.2/1.3,8,26,99.5/91.2,93.4/88.4,2.46,-99
Finland,NorthernEurope,338440,5523,18.2,97.2,231960,0.2,42148.1,2.5,26.8,70.6,4.2,22.0,73.8,8.9,54.5/61.7,101,101,57326,60502,-3176,-979,0.4,84.2,0.5,1.8,83.7/77.7,16.4/27.8,315.9/5.7,32.6,2.3,9.7,3.0,7.2,101.4/101.7,156.3/142.8,95.6/79.3,42.0,135.5,92.7,36,73.1,47.3/8.6,757,257,100.0/100.0,99.4/88.0,-99,-99
France,WesternEurope,551500,64980,118.7,96.7,2418946,1.3,36304.2,1.7,19.5,78.8,2.7,20.5,76.8,9.8,50.3/59.4,103,103,488885,560555,-71670,-4861,0.4,79.5,0.8,2.0,85.0/78.8,18.1/25.7,7784.4/12.1,356.2,3.4,11.5,3.2,5.5,105.0/105.7,111.2/110.1,71.0/57.9,25.8,102.6,84.7,278,30.8,303.3/4.7,5694,158,100.0/100.0,98.6/98.9,-99,-99
French Guiana,SouthAmerica,83534,283,3.4,100.0,-99,-99,-99,-99,-99,-99,-99,14.9,58.3,21.3,48.4/58.8,120,120,-99,-99,-99,-99,2.8,84.4,2.8,3.5,82.6/76.1,33.2/8.4,106.1/39.5,-99,9.3,-99,-99,-99,-99,-99,-99,-99,-99,-99,73,98.9,0.7/2.8,3,50,94.5/75.1,94.9/75.8,-99,-99
French Polynesia,Polynesia,4000,283,77.3,103.7,5135,1.6,18161.0,2.8,11.9,85.2,8.9,16.9,74.2,17.0,46.4/63.0,98,98,173,1491,-1319,208,0.7,55.9,0.9,2.1,78.6/74.0,23.3/11.9,30.1/10.6,-99,6.9,-99,-99,-99,-99,-99,-99,-99,94.9,64.6,175,42.3,0.8/2.9,1,43,100.0/100.0,98.5/98.5,-99,-99
Gabon,MiddleAfrica,267668,2025,7.9,105.6,13735,3.9,7960.7,3.8,54.5,41.7,16.2,19.1,64.8,18.1,40.7/58.3,97,92,2851,2930,-79,...,3.3,87.2,2.7,4.0,65.8/63.1,35.9/6.4,268.4/15.6,2.9,40.8,3.4,...,2.7,139.9/144.0,-99,.../...,17.1,168.9,23.5,270,88.5,5.2/3.1,559,64,97.2/66.7,43.4/31.5,0.73,-99
Gambia,WesternAfrica,11295,2101,207.6,98.0,942,4.7,473.2,21.1,14.9,64.0,30.4,14.4,55.2,29.7,72.2/82.6,82,82,32,471,-439,...,3.1,59.6,4.3,5.6,61.6/59.1,45.3/3.8,192.5/9.7,7.9,49.8,7.3,...,2.8,96.8/90.1,.../...,2.5/3.7,9.4,131.3,17.1,67,48.1,0.5/0.3,7,7,94.2/84.4,61.5/55.0,12.35,-99
Georgia,WesternAsia,69700,3912,56.3,91.4,13965,2.8,3491.4,9.0,24.1,66.9,44.7,11.2,44.1,11.4,57.9/79.0,85,86,2114,7236,-5122,-1775,-1.4,53.6,-0.1,2.0,77.0/68.5,19.2/20.8,168.8/4.2,274.1,11.2,7.4,4.8,2.0,118.2/115.5,103.8/103.6,47.8/39.2,16.0,129.0,45.2,120,40.6,9.0/2.2,61,47,100.0/100.0,95.2/75.9,3.30,-99
Germany,WesternEurope,357376,82114,235.6,97.0,3363600,1.7,41686.2,0.6,30.5,68.9,1.4,27.5,71.2,4.2,54.5/66.1,111,111,1340752,1060672,280080,279969,0.2,75.3,0.2,1.4,82.9/77.9,13.1/28.0,12005.7/14.9,1052.1,3.4,11.3,4.1,5.0,104.7/105.2,99.6/105.6,66.8/69.7,37.0,116.7,87.6,116,32.7,719.9/8.9,5004,158,100.0/100.0,99.3/99.0,-99,-99
Ghana,WesternAfrica,238537,28834,126.7,99.3,37156,3.9,1355.6,19.0,26.9,54.1,41.9,14.2,43.8,5.9,75.7/78.8,144,144,7221,11939,-4718,-2809,2.4,54.0,3.4,4.2,62.6/60.7,38.5/5.3,399.5/1.5,27.3,46.5,3.6,...,6.2,108.7/107.3,61.1/63.1,13.2/19.1,12.7,129.7,23.5,238,40.9,14.5/0.6,410,14,92.6/84.0,20.2/8.6,4.81,-99
Gibraltar,SouthernEurope,6,35,3457.1,101.8,-99,-99,-99,-99,-99,-99,-99,-99,-99,-99,.../...,-99,-99,234,533,-299,-99,0.6,100.0,0.1,-99,.../...,18.1/22.4,11.1/34.3,-99,-99,-99,-99,-99,-99,-99,-99,-99,129.5,65.0,31,0.0,0.5/16.5,-99,259,-99,-99,-99,-99
Greece,SouthernEurope,131957,11160,86.6,96.9,194860,-0.2,17788.0,4.1,15.7,80.2,12.9,15.0,72.1,23.0,44.1/60.1,86,87,27811,47595,-19784,218,-0.4,78.0,0.5,1.3,83.3/78.0,14.2/26.5,1242.5/11.3,94.7,3.3,8.1,6.3,...,97.1/98.1,103.4/109.5,113.7/114.0,18.3,114.0,66.8,374,31.2,67.3/6.1,368,89,100.0/100.0,99.2/98.1,-99,-99
Greenland,NorthernAmerica,2166086,56,0.1,112.1,2078,0.3,36976.7,10.0,15.9,74.1,4.6,12.6,82.5,9.7,-99,99,99,553,623,-71,-99,-0.1,86.4,0.7,2.0,73.4/68.7,21.0/13.2,6.0/10.7,-99,-99,-99,-99,-99,-99,-99,-99,-99,106.5,67.6,23,~0.0,0.5/9.0,2,154,100.0/100.0,100.0/100.0,-99,-99
Grenada,Caribbean,345,108,317.1,100.9,954,6.2,8933.8,8.3,13.9,77.8,-99,-99,-99,...,-99,103,103,30,350,-320,-213,0.4,35.6,0.3,2.2,75.6/70.8,26.3/10.5,7.1/6.6,~0.0,9.6,6.1,...,...,102.9/106.8,99.0/99.4,97.9/84.5,33.3,112.2,53.8,54,50.0,0.2/2.3,0,35,99.0/95.3,97.5/98.3,2.55,-99
Guadeloupe,Caribbean,1705,450,266.0,86.4,-99,-99,-99,-99,-99,-99,3.3,13.5,65.5,26.1,49.6/56.5,100,100,-99,-99,-99,-99,-~0.0,98.4,0.5,2.0,84.0/76.8,18.6/23.6,98.5/21.0,-99,5.8,-99,-99,-99,-99,-99,-99,-99,-99,-99,73,43.0,2.6/5.5,5,80,99.3/99.8,97.0/89.5,-99,-99
Guam,Micronesia,549,164,304.1,102.6,-99,-99,-99,-99,-99,-99,0.2,14.0,85.7,10.7,55.2/68.7,88,88,-99,-99,-99,-99,0.3,94.5,1.4,2.4,81.5/76.4,24.7/14.0,76.1/44.8,-99,9.6,-99,-99,-99,-99,-99,-99,-99,...,73.1,99,46.3,-99,-99,-99,99.5/99.5,89.8/89.8,-99,-99
Guatemala,CentralAmerica,108889,16914,157.8,96.9,63794,4.1,3903.5,10.8,27.2,62.0,32.0,18.5,49.4,2.4,41.7/84.0,158,158,10572,16987,-6415,-96,2.1,51.6,3.4,3.2,75.6/69.2,35.1/6.9,76.4/0.5,1.8,26.9,6.2,...,3.0,99.8/103.8,63.3/67.9,23.5/20.2,12.7,111.5,27.1,290,33.4,18.3/1.1,327,32,98.4/86.8,77.5/49.3,0.66,-99
Guinea-Bissau,WesternAfrica,36125,1861,66.2,96.9,978,4.8,530.0,45.0,14.5,40.5,60.1,5.8,34.1,6.5,67.4/78.5,137,138,885,212,673,-53,2.6,49.3,4.1,4.9,57.7/54.3,41.5/4.9,22.3/1.2,8.8,80.4,5.6,...,2.2,.../...,.../...,-99,13.7,69.3,3.5,77,70.5,0.3/0.1,25,17,98.8/60.3,33.5/8.5,9.03,-99
Guinea,WesternAfrica,245857,12717,51.8,100.6,8875,0.1,703.9,19.8,32.8,47.4,69.7,7.4,22.9,6.8,79.4/85.1,130,131,1753,2082,-329,-1240,2.3,37.2,3.8,5.1,58.4/57.4,42.3/5.2,228.4/1.8,9.2,65.7,5.6,...,3.2,83.8/98.6,30.7/46.8,6.7/14.9,21.9,87.2,4.7,185,26.0,2.4/0.2,113,12,92.7/67.4,34.1/11.8,8.65,-99
Guyana,SouthAmerica,214969,778,4.0,101.9,3282,3.1,4278.8,17.6,31.7,50.6,18.4,25.4,56.2,11.3,41.9/77.0,142,143,1453,1625,-172,-144,0.6,28.6,0.8,2.6,68.6/64.0,29.0/8.6,15.4/2.0,~0.0,33.2,5.2,...,3.2,83.9/86.9,89.0/89.7,16.8/8.2,31.9,67.2,38.2,94,84.0,2.0/2.6,7,46,98.2/98.3,87.9/82.0,0.97,-99
Haiti,Caribbean,27750,10981,398.4,97.8,8501,1.7,793.7,16.7,38.2,45.1,46.9,12.6,40.6,12.9,62.0/71.7,163,166,984,3316,-2332,-723,1.4,58.6,3.8,3.1,64.4/60.2,33.0/7.3,39.5/0.4,1.9,46.9,7.6,-99,-99,-99,-99,-99,2.6,69.9,12.2,205,3.5,2.9/0.3,136,16,64.9/47.6,33.6/19.2,11.73,-99
Holy See,SouthernEurope,~0,1,1800.0,219.2,-99,-99,-99,-99,-99,-99,-99,-99,-99,-99,-99,-99,-99,-99,-99,-99,-99,~0.0,100.0,~0.0,-99,-99,-99,0.8/100.0,-99,-99,-99,-99,-99,-99,-99,-99,-99,-99,-99,1,-99,-99,-99,-99,-99,-99,-99,-99
Honduras,CentralAmerica,112492,9265,82.8,99.4,20365,3.6,2521.9,13.0,25.1,61.9,29.4,21.6,49.0,5.6,47.6/84.5,122,119,3657,8448,-4791,-1291,1.8,54.7,3.1,2.6,75.4/70.4,31.6/7.0,28.1/0.3,176.2,27.8,8.7,...,5.9,110.1/111.3,77.0/64.8,25.4/18.8,25.8,95.5,20.4,301,42.1,9.5/1.2,105,28,97.4/83.8,86.7/77.7,2.86,-99
Hungary,EasternEurope,93024,9722,107.4,90.7,121715,3.1,12350.6,4.1,31.9,64.0,4.3,29.8,65.9,4.5,46.6/62.4,99,99,103071,92044,11027,3946,-0.3,71.2,0.5,1.3,78.8/71.7,14.3/26.0,449.6/4.6,14.4,4.9,7.4,3.3,4.7,101.3/101.9,105.3/105.1,56.7/45.3,10.1,118.9,72.8,66,22.8,42.1/4.3,423,97,100.0/100.0,97.8/98.6,-99,-99
Iceland,NorthernEurope,103000,335,3.3,100.7,16780,4.2,50936.0,6.4,24.0,69.7,4.0,17.7,78.2,3.6,70.3/77.2,117,117,4450,5703,-1254,854,0.6,94.1,1.3,2.0,83.8/80.6,20.1/20.1,37.5/11.4,0.5,1.6,8.9,3.8,7.8,98.6/99.7,121.0/116.3,103.1/60.2,47.6,114.0,98.2,27,0.5,2.0/6.1,284,952,100.0/100.0,98.7/100.0,-99,-99
India,SouthernAsia,3287263,1339180,450.4,107.6,2116239,7.6,1614.2,17.0,29.7,53.2,44.3,24.5,31.2,3.4,27.0/79.1,143,142,260327,356705,-96378,-22457,1.2,32.7,2.4,2.4,69.1/66.2,27.8/9.4,5241.0/0.4,211.1,41.3,4.7,0.7,3.8,115.1/102.8,74.5/73.5,26.7/27.0,11.8,78.8,26.0,1052,23.7,2238.4/1.7,23103,27,97.1/92.6,62.6/28.5,0.16,-99
Indonesia,South-easternAsia,1910931,263991,145.7,101.4,861934,4.8,3346.5,14.0,41.3,44.7,31.4,22.4,46.2,5.8,51.0/83.7,139,140,144490,135653,8837,-17697,1.2,53.7,2.7,2.4,70.7/66.6,27.4/8.6,328.8/0.1,13.8,25.0,2.8,0.2,3.6,104.4/107.2,86.0/85.7,25.7/22.9,19.8,132.4,22.0,1281,50.6,464.2/1.8,19481,35,94.2/79.5,72.3/47.5,0.00,-99
Iran (Islamic Republic of),SouthernAsia,1628750,81163,49.8,101.2,398563,0.4,5038.1,8.6,39.1,52.3,16.6,32.5,50.9,11.3,16.3/73.2,106,107,45627,35333,10294,-99,1.2,73.4,2.1,1.7,76.2/74.0,23.7/8.8,2726.4/3.4,978.3,14.8,7.5,1.5,2.9,111.7/106.3,88.9/89.4,67.7/75.9,5.9,93.4,44.1,134,6.6,649.5/8.3,13291,127,97.7/92.1,92.8/82.3,0.02,-99
Iraq,WesternAsia,435052,38275,88.1,102.5,164234,-2.4,4509.0,4.6,58.0,37.4,20.4,21.0,58.6,16.1,15.3/69.9,123,123,27341,45831,-18490,4121,3.2,69.5,3.0,4.6,71.4/67.0,40.4/5.0,353.9/1.0,4736.2,32.1,5.5,0.9,-99,.../...,.../...,.../...,25.3,93.8,17.2,72,1.9,168.4/4.8,6744,58,93.8/70.1,86.4/83.8,0.88,-99
Ireland,NorthernEurope,69797,4762,69.1,98.4,283716,26.3,60513.6,1.0,41.7,57.3,4.8,17.7,77.4,7.6,51.9/67.1,102,102,129315,76997,52318,28967,0.3,63.2,1.6,2.0,83.0/78.7,21.6/19.1,746.3/15.9,10.5,3.4,7.8,2.8,5.3,102.0/100.9,129.4/125.6,87.6/80.1,22.2,103.7,80.1,50,10.9,34.1/7.3,84,114,97.9/97.8,89.1/92.9,-99,-99
Isle of Man,NorthernEurope,572,84,147.9,98.2,-99,-99,-99,-99,-99,-99,...,...,...,2.6,57.5/69.3,-99,-99,-99,-99,-99,-99,0.8,52.2,0.8,-99,-99,16.0/26.9,45.2/51.5,-99,-99,-99,-99,-99,-99,-99,-99,-99,-99,-99,3,6.1,-99,0,3,-99,-99,-99,-99
Israel,WesternAsia,22072,8322,384.5,98.7,299413,2.5,37129.4,1.3,21.2,77.5,1.0,17.9,81.0,5.9,58.5/69.0,112,112,60571,65803,-5232,13642,1.6,92.1,1.4,3.0,83.7/80.0,27.9/16.1,2011.7/24.9,44.7,3.4,7.8,3.6,5.8,105.1/104.4,103.0/102.0,75.5/54.6,27.5,133.5,78.9,174,7.5,64.6/8.1,313,119,100.0/100.0,100.0/100.0,-99,-99
Italy,SouthernEurope,302073,59360,201.8,95.1,1821580,0.7,30462.4,2.2,23.5,74.2,3.5,27.1,69.4,11.4,39.2/57.8,89,89,461529,404578,56951,29348,-0.1,69.0,0.4,1.4,84.7/79.9,13.5/29.4,5788.9/9.7,216.7,3.0,9.2,3.9,4.1,100.6/101.4,101.7/104.1,72.2/53.2,31.0,151.3,65.6,359,31.4,320.4/5.4,1539,103,100.0/100.0,99.5/99.6,-99,-99
Jamaica,Caribbean,10990,2890,266.9,99.0,14262,1.0,5105.8,7.1,22.3,70.5,17.9,15.3,66.8,13.1,58.1/72.7,102,102,1202,4767,-3565,-400,0.4,54.8,0.9,2.1,77.9/73.1,22.7/13.6,23.2/0.8,~0.0,15.0,5.4,...,5.5,.../...,85.1/79.2,34.6/20.1,17.5,111.5,43.2,311,31.0,7.4/2.7,8,37,97.5/89.4,79.9/84.1,0.42,-99
Japan,EasternAsia,377930,127484,349.7,95.4,4383076,1.2,34628.7,1.2,26.4,72.4,3.7,26.5,69.8,3.0,48.9/69.7,96,97,644932,606924,38008,135608,-0.1,93.5,0.6,1.4,86.4/80.0,12.9/33.4,2043.9/1.6,19.4,2.2,10.2,2.3,3.6,101.2/101.3,101.9/101.6,60.9/65.7,9.3,125.0,93.3,404,68.5,1214.0/9.6,1114,146,100.0/100.0,100.0/100.0,-99,-99
Jordan,WesternAsia,89318,9702,109.3,102.6,37517,2.4,4940.1,4.0,27.7,68.4,2.0,17.8,80.2,13.4,14.5/64.5,134,135,7509,19207,-11698,-3332,4.9,83.7,3.8,3.6,75.5/72.2,35.5/5.7,3112.0/41.0,721.4,17.1,7.5,2.6,-99,97.6/97.1,84.8/80.2,47.3/42.5,15.4,179.4,53.4,113,1.1,26.5/3.6,7,47,97.8/92.3,98.6/98.9,5.80,-99
Kazakhstan,CentralAsia,2724902,18204,6.7,93.9,181754,1.2,10312.1,5.0,32.5,62.5,18.1,20.4,61.6,5.6,66.3/77.5,126,127,36775,25175,11601,-5464,1.6,53.2,0.9,2.7,73.9/64.3,27.9/11.1,3546.8/20.1,9.2,14.1,4.4,3.3,2.8,109.1/108.8,113.5/110.6,51.3/41.4,27.1,187.2,72.9,82,1.2,248.3/14.3,7091,193,99.4/85.6,97.0/98.1,0.05,-99
Kenya,EasternAfrica,591958,49700,87.3,98.8,63399,5.6,1376.7,32.0,19.0,49.0,61.9,8.6,29.5,10.8,62.4/72.4,126,126,5688,14109,-8420,-6339,2.7,25.6,4.3,4.1,67.8/63.0,40.5/4.3,1084.4/2.4,582.4,39.4,5.7,0.2,5.3,108.7/109.3,.../...,.../...,19.4,80.7,45.6,480,7.7,14.3/0.3,750,20,81.6/56.8,31.2/29.7,3.93,-99
Kiribati,Micronesia,726,116,143.7,97.3,162,3.7,1442.9,24.1,13.6,62.2,...,...,...,...,.../...,61,61,3,116,-113,45,1.8,44.3,1.8,3.8,68.9/62.4,35.0/6.4,3.2/2.8,-99,46.9,10.2,0.2,...,106.1/102.9,.../...,-99,6.5,38.8,13.0,104,15.0,0.1/0.6,0,8,87.3/50.6,51.2/30.6,20.05,-99
Kuwait,WesternAsia,17818,4136,232.1,134.9,114054,1.8,29303.9,0.6,48.7,50.7,2.6,27.3,70.1,2.2,47.7/83.6,199,199,46238,30825,15413,8584,5.4,98.3,3.6,2.0,75.5/73.5,21.1/4.9,2866.1/73.6,94.7,8.4,3.0,1.9,...,103.0/102.4,102.7/88.2,33.1/20.4,3.1,231.8,82.1,49,0.4,95.4/25.4,6941,380,99.0/99.0,100.0/100.0,-99,-99
Kyrgyzstan,CentralAsia,199949,6045,31.5,98.4,6572,3.5,1106.4,15.4,25.9,58.7,29.2,21.0,49.8,7.7,49.7/77.5,108,110,1423,3844,-2421,-721,1.6,35.7,1.6,3.1,74.3/66.4,31.8/7.6,204.4/3.4,8.2,19.6,6.5,1.9,5.5,106.8/107.9,92.8/91.4,53.3/40.8,19.2,132.8,30.2,44,3.4,9.6/1.7,80,27,96.7/86.2,89.1/95.6,12.16,-99
Lao People's Democratic Republic,South-easternAsia,236800,6858,29.7,99.5,12585,7.6,1850.2,23.6,32.8,43.6,78.3,4.0,17.7,1.5,77.9/77.8,193,186,2066,4513,-2447,-2264,1.3,38.6,4.9,2.9,66.8/63.9,32.9/6.3,22.2/0.3,-99,47.3,1.9,0.2,3.3,109.1/113.5,59.3/64.1,16.5/17.3,27.5,53.1,18.2,209,80.5,2.0/0.3,72,12,85.6/69.4,94.5/56.0,4.03,-99
Latvia,NorthernEurope,64573,1950,31.3,84.9,27004,2.7,13704.1,3.2,23.3,73.5,7.3,23.0,69.7,9.6,54.5/67.7,130,130,11433,13596,-2163,-210,-1.2,67.4,-0.7,1.5,78.7/68.8,15.4/26.2,263.1/13.4,252.6,6.5,5.9,3.2,5.3,99.2/100.1,119.1/119.9,79.2/55.5,16.0,127.0,79.2,30,54.0,7.0/3.5,108,99,99.8/98.3,90.8/81.5,-99,-99
Lebanon,WesternAsia,10452,6082,594.6,100.6,50149,1.5,8571.4,3.2,19.6,77.2,8.2,22.4,69.4,7.0,23.8/70.6,95,95,3402,20409,-17007,-8146,6.0,87.8,3.2,1.7,80.9/77.3,23.1/12.0,1997.8/34.1,1054.2,9.2,6.4,2.4,2.6,88.3/96.6,61.0/61.5,45.7/39.5,3.1,87.1,74.0,87,13.4,24.1/4.3,7,55,99.0/99.0,80.7/80.7,2.04,-99
Lesotho,SouthernAfrica,30355,2233,73.6,94.4,2008,2.8,940.6,7.7,31.3,61.0,39.7,20.0,40.3,27.5,59.7/74.6,101,100,648,1727,-1079,-168,1.3,27.3,3.0,3.3,54.7/50.1,35.4/6.7,6.6/0.3,~0.0,59.8,10.6,...,...,104.0/107.0,62.0/45.7,11.7/8.0,25.0,105.5,16.1,18,1.6,2.5/1.2,31,28,94.6/77.0,37.3/27.6,4.11,-99
Liberia,WesternAfrica,111369,4732,49.1,101.8,2053,0.3,455.9,70.8,11.4,17.9,45.3,11.7,43.0,4.1,57.9/64.1,104,121,641,727,-86,-860,2.6,49.7,3.4,4.8,61.6/59.8,41.8/4.9,113.8/2.5,22.1,59.0,10.0,...,2.8,89.1/98.5,32.5/41.9,9.0/14.2,12.3,81.1,5.9,172,43.7,0.9/0.2,73,19,88.6/62.6,28.0/5.9,61.73,-99
Libya,NorthernAfrica,1676198,6375,3.6,101.7,34457,-10.2,5488.2,0.9,67.1,32.0,19.1,25.1,55.8,19.2,27.8/78.4,113,114,4615,8876,-4261,-108,0.2,78.6,1.1,2.4,74.4/68.8,28.2/6.6,771.1/12.3,472.5,24.3,5.0,2.1,-99,.../...,.../...,.../...,16.0,157.0,19.0,63,0.1,57.0/9.1,1505,119,.../...,96.8/95.7,0.51,-99
Liechtenstein,WesternEurope,160,38,237.0,98.4,6361,1.4,169491.8,0.7,40.1,59.2,-99,-99,-99,2.6,53.5/70.6,102,102,-99,-99,-99,-99,0.8,14.3,0.5,1.5,-99,14.9/22.7,23.5/62.6,0.3,-99,-99,-99,2.6,104.8/106.5,101.7/130.7,21.9/44.8,12.0,108.8,96.6,6,43.1,~0.0/1.1,1,74,-99,-99,-99,-99
Lithuania,NorthernEurope,65286,2890,46.1,85.4,41402,1.8,14383.7,3.6,29.8,66.5,8.7,24.5,66.8,9.2,54.1/66.1,125,125,25025,27501,-2476,-977,-1.3,66.5,-0.5,1.6,79.3/68.5,14.8/25.3,136.0/4.7,4.7,4.4,6.6,4.3,4.6,103.7/103.2,106.1/110.3,82.0/55.8,21.3,139.5,71.4,26,34.8,12.8/4.4,74,98,99.7/90.4,97.2/82.8,-99,-99
Luxembourg,WesternEurope,2586,584,225.3,101.0,56802,3.5,100160.8,0.2,12.1,87.7,1.3,10.2,88.5,5.6,52.0/65.5,98,98,12838,19124,-6285,2962,2.2,90.2,1.7,1.5,83.4/78.8,16.4/19.6,249.3/44.0,4.2,3.4,6.9,2.9,4.1,97.3/96.9,103.5/101.1,20.7/18.2,28.3,148.5,97.3,11,33.5,9.7/17.3,6,290,100.0/100.0,97.5/98.5,-99,-99
Madagascar,EasternAfrica,587295,25571,44.0,99.5,9739,3.1,401.8,24.9,18.4,56.7,74.2,9.4,16.5,2.3,83.8/89.0,119,120,2256,2965,-709,-622,2.7,35.1,4.7,4.4,66.0/63.0,41.0/4.8,32.1/0.1,0.1,36.8,3.0,0.1,2.1,148.9/148.9,38.1/38.8,4.6/5.0,19.2,46.0,4.2,1324,21.5,3.1/0.1,129,7,81.6/35.3,18.0/8.7,7.05,-99
Malawi,EasternAfrica,118484,18622,197.5,98.2,6420,3.0,372.9,26.1,16.6,57.3,69.9,4.8,25.4,6.8,81.3/81.0,149,150,875,1649,-774,-710,2.9,16.3,3.8,4.9,63.1/58.2,44.0/4.3,215.2/1.2,25.7,66.5,11.4,...,5.6,147.0/144.0,41.0/45.8,0.6/1.0,16.7,35.3,9.3,176,33.6,1.3/0.1,89,6,95.7/89.1,47.3/39.8,16.53,-99
Malaysia,South-easternAsia,330323,31624,96.3,106.7,296284,5.0,9768.4,8.6,39.6,51.8,11.8,27.3,60.9,3.3,49.3/77.8,122,130,189414,168375,21039,8960,1.8,74.7,2.7,2.1,77.1/72.6,24.3/9.7,2514.2/8.3,238.6,6.5,4.2,1.3,5.0,101.9/101.7,80.7/74.6,31.8/20.8,10.4,143.9,71.1,1272,67.5,242.8/8.1,3738,118,100.0/93.0,96.1/95.9,0.00,-99
Maldives,SouthernAsia,300,436,1454.4,131.8,3435,2.8,9446.5,3.1,22.0,74.9,7.7,22.8,69.5,2.9,57.8/79.6,65,65,140,2128,-1988,-326,2.8,45.5,4.5,2.2,77.4/75.4,23.4/6.3,94.1/25.9,-99,9.0,13.7,...,5.2,98.6/97.3,.../...,20.3/12.4,5.9,206.7,54.5,75,3.3,1.3/3.7,0,54,99.5/97.9,97.5/98.3,0.95,-99
Mali,WesternAfrica,1240192,18542,15.2,100.2,13100,7.6,744.3,39.9,19.6,40.5,56.7,14.7,28.6,8.1,50.5/82.3,154,157,3030,2510,520,-676,2.9,39.9,5.1,6.4,56.9/55.6,47.7/4.0,363.1/2.1,90.8,78.5,7.0,...,3.7,72.1/79.3,36.8/45.6,4.1/9.6,8.8,139.6,10.3,42,3.9,1.4/0.1,55,4,96.5/64.1,37.5/16.1,9.45,-99
Malta,SouthernEurope,315,431,1346.4,100.9,9747,6.2,23280.7,1.4,15.0,83.6,1.2,20.9,77.9,5.4,39.4/65.7,96,96,4039,7182,-3143,539,0.5,95.4,0.5,1.4,82.0/78.6,14.4/26.1,41.4/9.9,8.1,4.8,9.7,3.9,7.8,104.7/102.2,98.1/91.7,55.2/40.3,12.5,129.3,76.2,39,1.1,2.3/5.6,1,78,100.0/100.0,100.0/100.0,-99,-99
Marshall Islands,Micronesia,181,53,295.2,104.5,183,0.6,3452.6,16.4,10.2,73.3,...,...,...,4.7,29.0/53.3,115,115,27,86,-58,-5,0.2,72.7,0.6,4.1,72.5/71.3,39.0/5.5,3.3/6.2,-99,25.4,17.1,0.5,...,93.3/93.5,80.4/73.1,41.2/44.6,9.1,29.2,19.3,101,70.2,0.1/1.9,0,27,93.5/97.6,84.5/56.2,24.11,-99
Martinique,Caribbean,1128,385,363.1,83.5,-99,-99,-99,-99,-99,-99,3.9,11.8,69.0,22.8,52.6/53.8,78,78,-99,-99,-99,-99,-0.5,88.9,0.2,2.0,84.4/77.8,17.7/25.7,61.7/15.6,-99,6.4,-99,-99,-99,-99,-99,-99,-99,-99,-99,48,45.8,2.3/5.8,1,79,100.0/99.8,94.0/72.7,-99,-99
Mauritania,WesternAfrica,1030700,4420,4.3,101.6,5023,1.2,1235.0,20.9,41.7,37.4,40.3,9.5,50.2,12.0,29.3/65.5,125,125,1623,2174,-551,-1066,2.9,59.9,3.5,4.9,64.1/61.2,39.9/5.0,138.2/3.4,69.0,68.0,3.8,...,2.9,105.0/100.0,29.5/31.7,3.6/7.1,25.2,89.3,15.2,86,0.2,2.7/0.7,31,13,58.4/57.1,57.5/13.8,5.02,-99
Mauritius,EasternAfrica,1969,1265,623.2,97.9,11511,3.5,9040.9,2.9,22.7,74.4,7.3,25.2,67.5,7.6,46.9/74.3,96,96,2194,4655,-2461,-566,0.2,39.7,-0.1,1.5,77.7/70.7,18.4/16.6,28.6/2.2,-99,12.0,4.8,...,4.9,103.9/102.2,97.9/93.6,41.7/31.7,11.6,140.6,50.1,257,19.0,4.2/3.3,10,51,99.9/99.8,93.9/92.6,0.67,-99
Mayotte,EasternAfrica,-99,253,674.8,96.7,-99,-99,-99,-99,-99,-99,-99,-99,-99,-99,-99,-99,-99,...,...,...,-99,2.8,47.0,1.9,4.1,82.9/76.0,40.6/5.8,77.0/32.1,-99,4.2,-99,-99,-99,-99,-99,-99,-99,...,...,88,16.1,-99,0,19,-99,-99,-99,-99
Mexico,CentralAmerica,1964375,129163,66.4,99.2,1140724,2.5,8980.9,3.6,36.0,60.4,13.4,25.2,61.3,4.1,45.5/79.5,120,120,373883,387064,-13181,-33216,1.4,79.2,1.6,2.3,78.9/74.0,26.7/10.1,1193.2/0.9,5.9,18.8,6.3,2.1,5.3,103.2/103.6,93.5/87.7,30.0/29.9,42.6,85.3,57.4,1162,34.0,480.3/3.8,8514,62,97.2/92.1,88.0/74.5,0.03,-99
Micronesia (Federated States of),Micronesia,702,106,150.8,105.1,315,3.7,3015.2,27.8,6.5,65.8,-99,-99,-99,-99,-99,99,99,6,40,-34,22,0.2,22.4,0.3,3.3,69.8/67.7,33.1/8.0,2.8/2.6,~0.0,33.2,13.7,...,12.5,95.7/95.4,.../...,-99,0.0,30.3,31.5,167,91.8,0.2/1.4,0,22,94.8/87.4,85.1/49.0,34.11,-99
Monaco,WesternEurope,2,39,25969.8,94.7,6258,5.4,165870.6,-99,13.4,86.6,-99,-99,-99,...,.../...,-99,-99,-99,-99,-99,-99,0.6,100.0,0.8,-99,-99,.../...,21.0/55.8,~0.0,-99,4.3,6.6,1.0,-99,-99,-99,20.8,88.8,93.4,21,-99,-99,-99,-99,100.0/...,100.0/...,-99,-99
Mongolia,EasternAsia,1564116,3076,2.0,97.9,11758,2.3,3973.4,14.8,34.1,51.1,28.4,20.7,51.0,6.3,56.8/69.3,147,149,4917,3358,1559,-948,1.9,72.0,2.8,2.8,72.7/64.5,29.7/6.6,17.6/0.6,~0.0,22.8,4.7,2.9,4.6,100.0/101.8,92.4/90.5,79.7/57.7,17.1,105.0,21.4,41,8.1,20.8/7.2,677,84,66.4/59.2,66.4/42.6,2.21,-99
Montenegro,SouthernEurope,13812,629,46.8,97.4,4020,4.5,6424.1,9.8,17.5,72.6,7.5,17.3,75.2,17.4,41.8/55.9,66,66,354,2263,-1908,-533,0.1,64.0,0.3,1.7,78.8/74.0,18.1/21.3,82.5/13.2,16.0,4.1,6.4,2.3,-99,93.3/95.2,90.3/90.4,.../...,23.5,162.2,64.6,98,61.5,2.2/3.5,29,64,100.0/99.2,98.0/92.2,2.44,-99
Montserrat,Caribbean,103,5,51.8,106.0,59,0.4,11553.4,1.4,12.7,85.9,-99,-99,-99,5.6,.../...,103,103,4,36,-32,-27,0.7,9.0,0.7,...,-99,19.7/19.6,1.4/26.4,...,-99,-99,-99,...,.../...,.../...,-99,-99,96.6,54.6,55,25.0,~0.0/9.6,-99,133,99.0/99.0,.../...,-99,-99
Morocco,NorthernAfrica,446550,35740,80.1,98.1,100359,4.4,2919.3,13.7,28.9,57.4,32.6,20.7,46.8,10.4,25.6/74.5,130,130,22858,41696,-18838,-2161,1.4,60.2,2.3,2.6,76.0/73.7,27.4/10.7,88.5/0.3,6.4,28.1,5.9,0.6,...,111.6/117.7,63.5/74.4,27.5/28.7,20.5,126.9,57.1,207,12.6,59.9/1.7,78,23,98.7/65.3,84.1/65.5,1.51,-99
Mozambique,EasternAfrica,799380,29669,37.7,95.5,14806,6.6,529.2,24.6,21.0,54.4,75.0,4.1,21.0,24.1,82.2/75.6,137,137,3352,5295,-1943,-5833,2.9,32.2,3.3,5.4,58.1/54.0,44.8/4.8,222.9/0.8,24.0,67.3,7.0,0.1,6.5,101.2/110.4,31.1/33.8,5.4/7.4,39.6,74.2,9.0,309,48.5,8.4/0.3,779,20,80.6/37.0,42.4/10.1,12.54,-99
Myanmar,South-easternAsia,676577,53371,81.7,95.5,62601,7.3,1161.5,26.7,34.5,38.7,23.6,14.6,61.7,0.8,74.7/80.8,130,128,11673,15696,-4023,-3921,0.9,34.1,2.5,2.3,68.3/63.7,26.8/9.4,73.3/0.1,1392.1,45.0,2.3,0.6,-99,98.3/101.0,52.0/50.6,14.9/12.1,10.2,76.7,21.8,321,45.3,21.6/0.4,1078,15,92.7/74.4,84.3/77.1,2.23,-99
Namibia,SouthernAfrica,824116,2534,3.1,94.7,11491,5.3,4673.6,6.6,30.6,62.8,29.1,14.6,56.3,24.9,56.4/64.3,88,89,4816,6721,-1905,-1700,2.2,46.7,4.2,3.6,64.3/59.1,36.7/5.5,93.9/3.8,4.8,36.4,-99,...,...,109.5/113.3,.../...,.../...,41.3,102.1,22.3,115,8.5,3.8/1.6,19,31,98.2/84.6,54.5/16.8,1.24,-99
Nauru,Micronesia,21,11,568.0,101.9,189,18.7,18469.2,3.0,59.9,37.1,-99,-99,-99,23.0,49.3/78.9,112,112,-99,-99,-99,-99,2.3,100.0,0.2,3.9,64.8/57.8,39.5/4.0,3.2/31.1,0.8,18.0,3.3,...,-99,100.4/109.5,83.4/81.9,-99,10.5,67.8,54.0,82,0.0,~0.0/4.8,0,63,96.5/...,65.6/...,-99,-99
Nepal,SouthernAsia,147181,29305,204.4,94.3,20658,2.7,724.5,31.8,14.9,53.3,72.6,10.9,16.5,3.0,79.7/86.7,139,139,703,5249,-4547,2447,1.2,18.6,3.2,2.3,70.4/67.4,30.9/8.8,518.3/1.8,30.7,32.8,5.8,...,3.7,141.2/130.7,72.2/67.1,15.1/14.8,29.6,96.8,17.6,104,25.4,8.0/0.3,451,19,90.9/91.8,56.0/43.5,5.73,-99
Netherlands,WesternEurope,41542,17036,505.2,99.0,750318,2.0,44332.1,1.8,20.0,78.2,2.2,15.9,81.9,5.6,57.3/69.7,115,115,511714,420969,90745,65129,0.3,90.5,1.0,1.7,83.1/79.4,16.4/25.0,1979.5/11.7,116.3,3.5,10.9,3.4,5.5,104.4/105.0,136.3/134.7,82.5/74.7,38.0,123.5,93.1,40,11.1,167.3/9.9,2447,178,100.0/100.0,97.5/99.9,-99,-99
New Caledonia,Melanesia,18575,276,15.1,101.5,8937,3.2,33965.7,1.4,26.0,72.6,3.0,26.9,70.1,15.1,45.5/66.9,102,103,1344,2422,-1079,-1469,1.4,70.2,2.2,2.2,79.3/73.7,22.5/14.2,64.3/24.4,-99,13.0,-99,-99,-99,-99,-99,-99,-99,93.5,74.0,526,45.9,4.3/16.5,1,215,98.5/98.5,100.0/100.0,-99,-99
New Zealand,Oceania,268107,4706,17.9,96.7,173417,3.1,38294.3,6.5,23.0,70.6,5.9,21.4,72.6,5.5,62.1/72.8,116,118,33833,36423,-2589,-5501,1.1,86.3,1.0,2.0,83.1/79.5,19.8/20.8,1039.7/23.0,1.7,4.4,11.0,2.9,6.4,99.1/99.6,119.9/113.4,96.7/71.6,34.2,121.8,88.2,199,38.6,34.7/7.7,783,207,100.0/100.0,-99,-99,-99
Nicaragua,CentralAmerica,130373,6218,51.7,97.2,12693,4.9,2086.9,18.8,26.8,54.4,24.1,14.5,61.4,6.1,49.6/80.6,130,130,2225,5927,-3701,-1045,1.2,58.8,2.0,2.3,77.5/71.4,29.0/8.4,40.3/0.7,0.6,20.0,9.0,0.9,...,.../...,.../...,.../...,45.7,116.1,19.7,144,25.9,4.9/0.8,91,26,99.3/69.4,76.5/55.7,3.68,-99
Niger,WesternAfrica,1267000,21477,17.0,100.6,7143,3.6,359.0,39.6,19.1,41.3,62.3,14.4,23.3,2.7,40.4/89.2,148,148,927,1861,-933,-1150,3.8,18.7,5.1,7.4,59.5/57.6,50.2/4.2,189.3/1.0,312.5,65.8,6.0,...,6.7,66.8/77.9,17.2/24.2,0.9/2.6,17.0,46.5,2.2,34,0.9,2.1/0.1,101,5,100.0/48.6,37.9/4.6,12.26,-99
Nigeria,WesternAfrica,923768,190886,209.6,102.7,494583,2.7,2714.5,20.9,20.4,58.8,27.9,14.7,57.4,5.4,48.5/64.3,116,117,104084,36533,67551,-15763,2.7,47.8,4.7,5.7,52.6/51.2,44.0/4.5,1199.1/0.7,2437.5,76.3,3.7,...,-99,92.8/94.5,53.5/57.8,8.3/11.8,5.6,82.2,47.4,361,8.1,96.3/0.6,10851,32,80.8/57.3,32.8/25.4,0.52,-99
Niue,Polynesia,260,2,6.2,100.0,-99,-99,-99,-99,-99,-99,...,...,...,...,.../...,101,101,-99,-99,-99,-99,-0.1,42.5,-0.9,2.6,76.3/70.1,22.8/20.1,0.6/34.6,-99,8.1,7.4,...,-99,120.2/147.2,114.1/104.1,-99,-99,...,79.6,52,70.0,~0.0/5.7,0,62,98.4/98.6,100.0/100.0,-99,-99
Northern Mariana Islands,Micronesia,457,55,119.9,107.1,-99,-99,-99,-99,-99,-99,...,...,...,...,.../...,-99,-99,1735,4553,-2818,-99,0.1,89.2,0.4,1.6,77.9/74.9,23.5/10.0,21.6/39.3,-99,6.4,-99,-99,-99,-99,-99,-99,-99,...,-99,102,64.5,-99,-99,-99,97.5/97.5,79.7/79.7,-99,-99
Norway,NorthernEurope,386194,5305,14.5,101.8,386578,1.6,74185.5,1.8,34.6,63.5,2.2,20.2,77.6,5.1,61.1/68.3,103,104,89120,72473,16647,33746,1.2,80.5,1.3,1.8,83.6/79.5,17.8/22.3,741.8/14.2,73.2,2.4,9.7,4.4,7.4,100.3/100.5,111.1/114.7,91.5/62.8,39.6,113.6,96.8,64,33.2,47.6/9.2,8204,233,100.0/100.0,98.0/98.3,-99,-99
Oman,WesternAsia,309500,4636,15.0,192.8,69832,5.7,15550.8,1.5,51.1,47.3,5.0,39.6,55.4,17.8,30.1/85.4,134,134,24455,23260,1195,-10807,6.5,77.6,8.5,2.9,78.7/74.5,21.8/4.0,1845.0/41.1,0.6,9.6,3.6,1.5,5.0,111.2/107.4,107.9/101.0,-99,1.2,159.9,74.2,99,~0.0,61.2/14.4,3101,239,95.5/86.1,97.3/94.7,...,-99
Pakistan,SouthernAsia,796095,197016,255.6,105.6,266458,5.5,1410.4,25.5,19.0,55.5,42.1,19.8,38.1,5.9,24.8/82.5,135,138,20534,46998,-26464,-1603,2.1,38.8,2.8,3.7,66.8/65.0,34.8/6.7,3629.0/1.9,2739.4,69.8,2.6,0.8,2.6,85.2/99.7,39.2/49.5,9.2/10.6,20.6,66.9,18.0,140,2.0,166.3/0.9,2202,17,93.9/89.9,83.1/51.1,1.32,-99
Palau,Micronesia,459,22,47.2,113.3,258,5.7,12122.5,3.8,8.0,88.2,...,...,...,...,.../...,-99,-99,7,154,-147,-24,0.8,87.1,1.7,2.2,77.8/68.1,20.3/13.1,5.7/26.6,~0.0,13.3,9.0,...,...,99.0/100.3,95.2/96.2,76.1/49.1,12.5,111.5,-99,182,87.6,0.3/12.4,-99,172,97.0/86.0,100.0/100.0,5.05,-99
Panama,CentralAmerica,75320,4099,55.1,100.4,52132,5.8,13268.1,2.8,27.1,70.0,14.5,19.6,65.9,6.2,50.5/80.4,117,118,636,11697,-11061,-3377,1.7,66.6,2.1,2.6,80.5/74.3,27.4/11.4,184.7/4.7,21.5,15.2,8.0,1.6,3.2,100.9/103.5,78.3/72.9,46.5/31.2,18.3,174.2,51.2,383,62.3,8.8/2.3,31,35,97.7/88.6,83.5/58.0,0.02,-99
Papua New Guinea,Melanesia,462840,8251,18.2,103.5,21315,6.6,2797.6,20.1,28.2,51.8,68.3,5.7,26.0,2.5,69.6/71.2,84,83,8760,8874,-114,5326,2.2,13.0,2.1,3.8,67.4/62.6,35.9/6.1,25.8/0.3,9.7,49.0,4.3,...,-99,109.3/119.8,34.6/45.8,-99,2.7,46.6,7.9,493,74.1,6.3/0.8,114,22,88.0/32.8,56.4/13.3,3.51,-99
Paraguay,SouthAmerica,406752,6811,17.1,102.9,27714,3.1,4174.4,19.0,29.5,51.6,19.6,19.5,61.0,5.5,58.3/84.7,160,166,8494,9753,-1259,-462,1.3,59.7,2.1,2.6,74.9/70.7,29.4/9.4,156.5/2.4,0.2,28.8,9.8,1.3,5.0,104.3/107.6,79.1/74.2,.../...,13.8,105.4,44.4,59,39.4,5.7/0.9,325,38,100.0/94.9,95.5/78.4,0.22,-99
Peru,SouthAmerica,1285216,32166,25.1,99.8,190428,3.3,6069.1,7.6,33.3,59.2,24.4,17.3,58.3,5.3,66.1/82.8,145,148,36040,36185,-145,-9210,1.3,78.6,1.7,2.5,76.8/71.5,27.4/10.4,90.9/0.3,2.5,18.6,5.5,1.1,4.0,101.7/101.7,95.8/95.7,.../...,27.7,109.9,40.9,685,57.9,61.7/2.0,1020,30,91.4/69.2,82.5/53.2,0.18,-99
Philippines,South-easternAsia,300000,104918,351.9,101.3,292449,5.9,2904.2,10.5,31.3,58.2,27.7,16.3,56.1,5.9,50.8/78.9,122,120,56313,85909,-29596,7694,1.6,44.4,1.3,3.0,72.1/65.4,31.7/7.6,211.9/0.2,240.2,22.2,4.7,...,...,116.9/116.8,92.7/84.4,40.3/31.4,29.5,118.1,40.7,783,26.2,105.7/1.1,991,19,93.7/90.3,77.9/70.8,0.15,-99
Poland,EasternEurope,312679,38171,124.6,93.4,477066,3.9,12355.5,2.6,34.1,63.3,10.9,29.6,59.5,5.3,49.1/64.9,113,113,196455,188518,7937,-2932,-~0.0,60.5,-0.1,1.3,81.0/72.9,14.8/24.0,619.4/1.6,23.7,4.5,6.4,2.3,4.9,100.7/100.5,106.1/110.0,82.6/54.2,28.0,148.7,68.0,58,30.7,285.7/7.4,2819,102,99.3/96.9,97.5/96.7,-99,-99
Portugal,SouthernEurope,92226,10330,112.8,89.8,199122,1.6,19239.2,2.3,22.3,75.4,8.0,23.8,68.2,10.5,53.3/63.7,104,104,55658,67580,-11922,842,-0.4,63.5,1.0,1.3,83.5/77.3,13.6/27.9,837.3/8.1,1.8,2.9,9.5,4.4,5.1,105.3/109.4,117.3/121.0,65.7/58.0,34.8,110.4,68.6,281,34.9,45.1/4.3,250,84,100.0/100.0,99.6/99.8,-99,-99
Puerto Rico,Caribbean,8868,3663,413.0,92.6,102906,-~0.0,27939.0,0.8,50.0,49.1,2.0,17.5,80.5,12.8,34.4/51.7,110,111,-99,-99,-99,-99,-0.2,93.6,-0.2,1.5,83.2/75.2,17.9/20.4,275.0/7.5,-99,6.3,-99,-99,6.4,90.4/89.1,83.9/78.8,98.8/70.1,-99,87.1,79.5,126,55.5,-99,1,16,.../...,99.3/99.3,-99,-99
Qatar,WesternAsia,11607,2639,227.3,301.2,164641,3.6,73653.4,0.2,56.4,43.5,1.2,54.1,44.7,0.3,53.1/93.6,154,154,57254,32058,25196,13751,6.6,99.2,6.0,2.0,79.4/76.8,13.9/2.8,1687.6/75.5,1.5,7.2,2.2,2.0,3.6,103.6/102.4,103.6/82.0,43.9/6.3,0.0,153.6,92.9,39,0.0,107.9/49.7,9166,846,100.0/100.0,98.0/98.0,-99,-99
Republic of Korea,EasternAsia,100284,50982,524.3,100.2,1377873,2.6,27396.7,2.3,38.0,59.7,5.0,24.7,70.3,3.6,50.2/71.9,104,104,495418,406182,89236,105871,0.4,82.5,0.7,1.2,84.4/77.9,13.5/20.1,1327.3/2.6,8.0,3.0,7.4,2.2,5.1,98.7/99.3,98.4/99.3,80.2/104.8,17.0,118.5,89.9,111,63.5,587.2/11.7,2023,223,99.7/87.9,100.0/100.0,-99,-99
Republic of Moldova,EasternEurope,33846,4051,123.3,92.2,6475,-0.7,1591.4,13.4,20.8,65.8,28.8,30.9,40.3,5.0,39.1/46.5,109,109,2045,4020,-1975,-415,-0.1,45.0,-0.7,1.3,75.2/66.7,15.7/17.6,142.9/3.5,5.5,14.3,10.3,2.5,7.5,91.9/92.9,86.5/85.8,47.4/35.3,22.8,108.0,49.8,35,12.3,4.9/1.2,15,23,96.9/81.4,87.8/67.1,4.49,-99
Romania,EasternEurope,238391,19679,85.5,94.0,177956,3.7,9120.7,4.8,34.9,60.3,25.5,27.7,46.8,7.1,47.3/64.5,100,100,63581,74605,-11024,-2096,-0.6,54.6,~0.0,1.5,78.4/71.4,15.3/24.9,226.9/1.2,3.2,8.7,5.6,2.7,3.1,89.0/90.5,92.0/92.5,59.0/47.8,20.7,107.1,55.8,104,29.5,70.0/3.6,1109,68,100.0/100.0,92.2/63.3,-99,-99
Russian Federation,EasternEurope,17098246,143990,8.8,86.8,1326016,-3.7,9243.3,4.7,31.8,63.5,6.8,27.1,66.1,5.8,56.3/71.3,120,120,285491,182257,103234,69000,0.1,74.0,-0.1,1.7,75.9/64.7,17.6/21.1,11643.3/8.1,418.4,8.3,7.1,3.3,3.9,100.9/100.1,103.4/105.5,88.3/72.9,15.8,160.0,73.4,235,49.8,1705.3/11.9,54829,208,98.9/91.2,77.0/58.7,-99,-99
Rwanda,EasternAfrica,26338,12208,494.9,96.2,8096,6.9,697.3,34.6,15.1,50.3,75.0,7.2,17.8,2.4,86.1/83.3,139,139,622,1778,-1157,-1099,2.5,28.8,6.4,4.2,67.1/63.1,40.1/4.9,441.5/3.8,155.1,44.0,7.5,...,3.6,133.4/131.7,38.2/35.2,6.9/9.1,61.3,70.5,18.0,62,19.2,0.8/0.1,84,8,86.6/71.9,58.5/62.9,13.67,-99
Saint Helena,WesternAfrica,308,4,10.4,-99,-99,-99,-99,-99,-99,-99,...,...,...,...,-99,-99,-99,~0,48,-48,-99,-0.7,39.4,-0.6,-99,-99,-99,0.6/15.2,-99,-99,-99,-99,-99,-99,-99,-99,-99,30.7,37.6,100,5.1,~0.0/3.1,0,41,-99,-99,-99,-99
Saint Kitts and Nevis,Caribbean,261,55,212.9,97.0,876,3.8,15771.9,1.2,28.1,70.7,...,...,...,...,.../...,39,39,51,332,-280,-63,1.1,32.0,1.3,-99,-99,.../...,7.4/13.4,~0.0,-99,5.1,...,2.8,83.4/81.7,92.8/88.0,107.2/52.6,13.3,131.8,75.7,52,42.3,0.2/4.2,0,59,98.3/98.3,.../...,3.93,-99
Saint Lucia,Caribbean,539,179,293.2,95.9,1450,1.9,7839.4,2.7,12.9,84.4,14.8,17.6,67.6,19.0,63.1/76.6,69,69,120,654,-535,-100,0.5,18.5,0.9,1.5,77.6/72.2,18.9/13.7,12.8/6.9,~0.0,10.9,6.7,...,4.9,.../...,84.8/85.5,22.0/11.6,16.7,101.5,52.4,62,33.4,0.4/2.2,0,33,99.5/95.6,84.7/91.9,0.97,-99
Saint Pierre and Miquelon,NorthernAmerica,242,6,27.5,98.2,-99,-99,-99,-99,-99,-99,-99,-99,-99,-99,-99,112,112,653,2629,-1976,-99,~0.0,90.4,0.1,-99,-99,.../...,1.0/15.7,-99,-99,-99,-99,-99,-99,-99,-99,-99,-99,-99,12,12.3,0.1/12.2,0,174,-99,-99,-99,-99
Saint Vincent and the Grenadines,Caribbean,389,110,281.8,101.7,738,1.6,6739.2,7.5,17.2,75.3,22.1,16.1,61.8,19.1,56.4/76.9,115,115,47,335,-288,-210,~0.0,50.6,0.7,2.0,74.9/70.7,23.8/11.7,4.6/4.2,-99,16.5,8.6,...,...,103.2/105.8,105.0/107.9,-99,13.0,103.6,51.8,58,69.2,0.2/1.9,0,29,95.1/95.1,.../...,1.80,-99
Samoa,Polynesia,2842,196,69.4,106.6,774,2.8,4006.0,9.3,24.2,66.6,5.3,14.8,79.8,6.5,23.3/58.2,107,107,56,350,-294,-44,0.8,19.1,-0.2,4.2,77.4/71.1,36.6/8.5,4.9/2.6,~0.0,18.0,7.2,...,...,106.7/106.7,89.5/80.7,.../...,10.0,58.5,25.4,93,60.4,0.2/1.0,2,24,97.5/99.3,93.3/91.1,12.75,-99
San Marino,SouthernEurope,61,33,556.7,94.9,1565,1.0,49240.2,0.1,33.3,66.6,...,...,...,6.6,.../...,-99,-99,-99,-99,-99,-99,1.2,94.2,0.6,...,86.4/81.7,15.0/24.1,4.7/14.8,-99,-99,6.1,6.4,2.4,92.6/93.9,95.9/93.5,69.9/50.5,26.7,115.2,49.6,1,0.0,-99,-99,-99,-99,-99,-99,-99
Sao Tome and Principe,MiddleAfrica,964,204,212.8,99.2,334,4.0,1752.8,12.3,14.7,73.0,22.2,13.5,64.3,13.6,45.4/76.2,119,119,10,139,-129,-69,2.2,65.1,3.6,4.7,68.2/64.0,42.8/4.3,2.4/1.3,-99,43.8,8.1,...,3.8,112.2/117.7,91.7/80.8,13.6/13.2,18.2,65.1,25.8,94,55.8,0.1/0.6,1,14,98.9/93.6,40.8/23.3,12.39,-99
Saudi Arabia,WesternAsia,2206714,32938,15.3,132.9,653219,3.4,20710.6,2.3,46.0,51.8,5.9,22.7,71.4,5.5,20.0/78.5,96,96,182329,135904,46426,-56724,2.8,83.1,2.1,2.7,75.6/72.7,25.2/5.6,10185.9/32.3,70.2,13.0,4.7,2.6,...,111.1/107.9,93.7/122.6,61.8/64.4,19.9,176.6,69.6,131,0.5,601.0/19.5,25904,287,97.0/97.0,100.0/100.0,...,-99
Senegal,WesternAfrica,196712,15851,82.3,96.6,13633,6.5,901.1,15.5,24.1,60.4,51.4,20.7,27.9,9.3,45.3/70.5,126,127,2640,5478,-2838,-1348,3.0,43.7,3.6,5.0,67.5/63.8,42.9/4.7,263.2/1.7,17.6,43.9,4.7,...,7.4,86.9/77.6,49.1/50.2,7.8/12.9,42.7,100.0,21.7,123,43.2,8.9/0.6,77,11,92.9/67.3,65.4/33.8,6.49,-99
Serbia,SouthernEurope,88499,8791,100.5,95.6,37160,0.8,5238.6,8.2,31.4,60.5,19.4,24.5,56.1,15.5,43.4/59.9,102,102,14852,19231,-4379,-1751,-0.4,55.6,-0.3,1.6,77.5/71.8,16.5/24.5,807.4/9.1,254.1,9.8,10.4,2.5,4.2,101.2/101.5,97.4/96.0,66.9/50.2,34.4,120.5,65.3,71,31.1,37.7/4.3,393,62,99.4/98.9,98.2/94.2,0.90,-99
Seychelles,EasternAfrica,457,95,206.0,97.2,1363,6.8,14133.2,2.7,13.6,83.8,3.6,17.9,78.2,4.1,61.9/68.3,105,109,335,833,-498,-256,0.5,53.9,1.1,2.4,77.9/68.7,22.2/13.3,12.8/13.3,-99,10.2,3.4,1.0,3.6,103.6/101.1,84.5/78.8,19.6/9.3,21.2,158.1,58.1,439,88.4,0.5/5.2,0,72,95.7/95.7,98.4/98.4,0.50,-99
Sierra Leone,WesternAfrica,72300,7557,104.7,98.1,4483,-20.3,694.8,51.4,17.6,31.1,68.0,6.5,25.5,3.1,65.1/68.8,168,168,466,958,-492,-1317,2.3,39.9,2.7,4.8,50.7/49.6,42.1/4.2,91.2/1.4,0.8,94.4,11.1,...,2.7,128.2/127.0,40.1/46.5,.../...,12.4,89.5,2.5,177,41.3,1.3/0.2,53,11,84.9/47.8,22.8/6.9,21.56,-99
Singapore,South-easternAsia,719,5709,8155.5,97.7,292734,2.0,52239.0,~0.0,26.4,73.6,0.3,17.0,82.6,2.0,57.8/76.1,112,112,329871,283009,46862,57922,1.7,100.0,2.0,1.2,84.5/80.1,15.0/19.5,2543.6/45.4,~0.0,2.1,4.9,1.9,2.9,-99,-99,-99,23.8,146.1,82.1,293,23.1,56.4/10.2,27,209,100.0/...,100.0/...,-99,-99
Sint Maarten (Dutch part),Caribbean,34,40,1180.0,95.7,1094,0.5,28241.7,0.1,12.3,87.6,-99,-99,-99,-99,-99,-99,-99,-99,-99,-99,23,3.1,100.0,2.0,-99,77.1/69.2,21.0/10.4,27.3/70.4,~0.0,-99,-99,-99,-99,-99,-99,-99,-99,-99,-99,51,-99,0.7/19.5,-99,303,-99,-99,-99,-99
Slovakia,EasternEurope,49035,5448,113.3,94.6,87268,3.8,16082.5,3.7,34.8,61.5,3.3,34.5,62.2,9.9,51.4/68.0,97,97,77565,75156,2409,193,0.1,53.6,-0.3,1.4,79.8/72.6,15.4/21.8,177.2/3.3,2.7,5.7,8.1,3.4,4.2,99.2/100.2,92.8/92.1,64.6/41.8,20.0,122.3,85.0,54,40.3,30.7/5.6,264,121,100.0/100.0,99.4/98.2,-99,-99
Slovenia,SouthernEurope,20273,2080,103.3,98.6,42777,2.3,20689.8,2.4,32.7,64.9,8.9,29.6,61.5,8.1,51.8/62.2,89,89,27585,26646,939,2216,0.3,49.7,0.1,1.6,83.2/77.2,15.0/26.3,236.0/11.4,0.6,2.5,9.2,2.8,5.5,99.4/99.2,110.5/110.8,98.5/68.2,36.7,113.2,73.1,143,62.0,12.8/6.2,154,135,99.7/99.4,99.1/99.1,-99,-99
Solomon Islands,Melanesia,28896,611,21.8,103.4,1075,3.2,1841.6,28.2,15.6,56.3,48.1,2.4,49.5,31.4,61.1/73.5,118,118,437,454,-17,-36,2.1,22.3,4.2,4.1,71.1/68.3,38.8/5.4,2.6/0.4,~0.0,30.0,5.1,0.2,...,113.6/115.0,47.0/49.8,-99,2.0,72.7,10.0,245,78.3,0.2/0.4,3,11,93.2/77.2,81.4/15.0,16.47,-99
Somalia,EasternAfrica,637657,14742,23.5,99.3,1559,2.7,144.5,60.2,7.4,32.5,72.0,4.8,23.2,6.6,33.3/75.9,112,112,925,530,394,-99,2.9,39.6,4.1,6.6,56.5/53.3,46.4/4.4,25.3/0.2,1168.4,79.5,-99,~0.0,-99,.../...,.../...,-99,24.2,52.5,1.8,175,10.3,0.6/0.1,129,12,69.6/8.8,52.0/6.3,22.85,-99
South Africa,SouthernAfrica,1221037,56717,46.8,96.4,314571,1.3,5773.0,2.4,28.9,68.7,6.1,26.2,67.7,26.0,46.4/61.1,125,126,74111,74744,-633,-13644,1.4,64.8,1.6,2.6,63.0/56.1,29.0/8.4,3142.5/5.8,1201.9,36.5,8.8,0.8,6.0,97.3/102.2,111.5/88.0,23.3/15.7,42.2,159.3,51.9,581,7.6,489.8/9.1,7102,122,99.6/81.4,69.6/60.5,0.47,-99
South Sudan,EasternAfrica,658841,12576,20.6,100.4,13167,2.0,1067.0,4.6,58.0,37.4,-99,-99,-99,...,.../...,-99,-99,2389,750,1640,-935,3.3,18.8,5.1,5.2,56.0/54.1,41.7/5.1,824.1/6.7,2231.2,77.7,2.7,-99,1.8,53.1/74.9,6.6/12.3,-99,28.5,23.9,17.9,49,-99,1.5/0.1,337,2,66.7/56.9,16.4/4.5,21.07,-99
Spain,SouthernEurope,505944,46354,92.9,96.2,1192955,3.2,25865.4,2.6,23.6,73.7,3.9,19.2,76.8,18.3,52.1/64.2,102,102,281777,302539,-20762,16208,-0.2,79.6,0.7,1.3,85.3/79.6,14.7/25.3,5853.0/12.7,28.8,2.9,9.0,3.8,4.3,105.6/104.5,129.6/130.0,97.1/82.5,39.1,107.9,78.7,617,36.8,234.0/5.1,1432,102,100.0/100.0,99.8/100.0,-99,-99
Sri Lanka,SouthernAsia,65610,20877,332.9,92.5,82316,4.8,3973.7,8.7,30.7,60.6,27.4,25.9,46.6,5.2,30.4/75.0,120,122,10546,19501,-8955,-2009,0.5,18.4,0.8,2.1,78.0/71.2,24.0/14.9,38.7/0.2,44.2,8.2,3.5,...,2.2,100.6/102.7,102.0/97.5,24.0/15.6,5.8,112.8,30.0,587,33.1,18.4/0.9,179,20,98.5/95.0,88.1/96.7,0.53,-99
State of Palestine,WesternAsia,6020,4921,817.4,102.9,12677,3.5,2715.5,4.8,23.4,71.9,8.7,29.8,61.5,24.2,18.4/69.7,90,90,929,5058,-4128,-1713,2.7,75.3,2.8,4.2,74.8/71.1,39.6/4.6,255.5/5.5,~0.0,20.0,-99,-99,1.3,94.3/94.4,87.0/79.2,54.4/34.5,-99,77.6,57.4,31,1.5,2.8/0.6,9,15,50.7/81.5,93.0/90.2,17.52,-99
Sudan,NorthernAfrica,-99,40533,23.0,99.9,79546,4.9,1977.0,32.4,20.1,47.6,32.9,20.4,46.7,13.4,24.4/72.2,-99,-99,1797,7658,-5861,-5933,2.3,33.8,2.5,4.8,65.1/62.1,40.8/5.5,503.5/1.3,3619.6,48.7,8.4,3.1,...,66.6/74.1,41.5/43.9,16.8/15.8,30.5,70.5,26.6,133,-99,15.4/0.4,682,16,-99,-99,1.09,-99
Suriname,SouthAmerica,163820,563,3.6,100.7,4879,-2.7,8985.3,11.4,27.4,61.1,3.4,22.3,74.3,9.9,40.5/68.6,152,152,1437,1244,193,-808,1.0,66.0,0.8,2.5,74.2/67.8,26.4/10.4,46.8/8.6,~0.0,17.4,5.7,...,-99,121.4/124.2,90.9/71.7,.../...,25.5,180.7,42.8,83,98.3,2.0/3.7,44,62,98.1/88.4,88.4/61.4,0.32,-99
Swaziland,SouthernAfrica,17363,1367,79.5,93.9,4133,1.7,3211.7,6.6,42.1,51.3,22.0,17.0,61.0,25.1,40.6/65.1,114,115,1881,733,1149,281,1.8,21.3,1.3,3.3,58.2/51.6,37.2/4.8,31.6/2.5,1.1,56.3,9.3,...,7.0,108.0/117.5,65.8/66.2,5.5/5.2,6.2,73.2,30.4,34,33.8,1.2/1.0,39,40,93.6/68.9,63.1/56.0,2.39,-99
Sweden,NorthernEurope,438574,9911,24.2,100.2,495694,4.1,50687.5,1.3,26.3,72.4,1.8,18.2,79.9,7.3,60.7/68.0,100,100,139574,140838,-1263,23250,0.8,85.8,0.8,1.9,83.7/80.0,17.5/25.5,1639.8/16.8,348.5,2.4,11.9,4.1,7.7,125.6/120.6,150.0/131.5,75.7/49.6,43.6,130.4,90.6,54,68.9,43.4/4.5,1428,206,100.0/100.0,99.2/99.6,-99,-99
Switzerland,WesternEurope,41291,8476,214.5,98.2,670790,0.8,80831.1,0.7,25.5,73.8,3.5,20.4,76.1,4.6,62.5/74.5,106,106,304691,269157,35534,77378,1.2,73.9,1.1,1.5,84.8/80.5,14.9/24.1,2438.7/29.4,110.1,3.9,11.7,4.1,5.1,103.8/104.1,99.4/103.0,58.5/56.9,32.5,142.0,88.0,74,31.6,35.3/4.3,552,126,100.0/100.0,99.9/99.8,-99,-99
Syrian Arab Republic,WesternAsia,185180,18270,99.5,102.1,28393,-5.3,1534.5,20.7,30.0,49.3,18.5,39.2,42.3,13.8,12.4/70.9,65,68,1265,2383,-1118,...,-2.3,57.7,1.4,3.1,76.3/64.4,36.6/6.8,875.2/4.7,6768.5,17.9,3.3,1.5,...,78.7/81.4,50.5/50.5,47.0/41.3,13.2,62.4,30.0,132,2.7,30.7/1.7,237,24,92.3/87.2,96.2/95.1,...,-99
Tajikistan,CentralAsia,142600,8921,63.7,100.9,7853,4.2,925.9,25.0,28.0,47.1,57.2,13.4,29.4,10.8,59.6/77.9,155,172,899,3030,-2132,-472,2.2,26.8,2.6,3.5,73.5/67.7,35.3/5.8,275.1/3.2,21.8,38.9,6.9,1.7,5.2,101.2/99.8,83.1/92.5,24.0/33.6,19.0,98.6,19.0,45,3.0,5.2/0.6,76,14,93.1/66.7,93.8/95.5,4.55,-99
Thailand,South-easternAsia,513120,69038,135.1,95.2,395168,2.8,5814.8,9.1,35.7,55.1,34.0,22.7,43.3,0.6,62.7/79.8,129,126,213927,195666,18260,32149,0.4,50.4,3.0,1.5,78.4/70.8,17.3/16.9,3913.3/5.8,554.1,11.2,4.1,...,4.1,99.2/106.1,125.3/132.6,57.3/40.5,4.9,125.8,39.3,611,32.0,316.2/4.7,3338,83,97.6/98.0,89.9/96.1,0.02,-99
The former Yugoslav Republic of Macedonia,SouthernEurope,25713,2083,82.6,100.0,10052,3.8,4836.1,12.0,27.9,65.1,16.2,29.2,54.5,27.3,43.9/67.8,111,112,4785,6757,-1972,-204,0.1,57.1,0.1,1.5,77.2/73.2,16.7/19.5,130.7/6.3,1.4,9.0,6.5,2.8,...,92.8/93.6,78.2/80.3,46.8/37.5,31.7,105.4,70.4,110,39.6,7.5/3.6,53,53,99.8/98.9,97.2/82.6,2.18,-99
Timor-Leste,South-easternAsia,14919,1296,87.2,103.2,2873,4.3,2425.4,5.2,79.9,14.9,50.8,2.0,47.2,4.3,26.9/55.6,111,117,94,647,-553,238,2.2,32.8,3.8,5.9,69.5/66.1,43.6/5.4,10.8/0.9,~0.0,43.9,1.5,0.1,7.8,136.2/137.5,79.6/74.1,.../...,38.5,117.4,13.4,24,46.9,0.5/0.4,143,7,95.2/60.5,69.0/26.8,8.89,-99
Togo,WesternAfrica,56785,7798,143.4,99.4,4086,5.5,559.4,45.7,19.7,34.6,62.5,8.7,28.7,6.8,81.0/80.7,140,143,715,1716,-1001,-461,2.6,40.0,3.8,4.7,59.8/58.3,41.6/4.6,276.8/3.8,13.8,55.7,5.2,...,5.2,118.5/125.1,.../...,6.4/14.9,17.6,65.0,7.1,80,3.8,2.6/0.4,111,20,91.4/44.2,24.7/2.9,5.51,-99
Tokelau,Polynesia,12,1,130.0,100.0,-99,-99,-99,-99,-99,-99,-99,-99,-99,-99,-99,112,112,~0,1,-1,-99,1.9,0.0,0.0,2.1,-99,28.3/12.2,0.5/39.0,-99,-99,-99,-99,-99,114.3/121.0,120.7/129.1,-99,-99,...,-99,49,0.0,-99,-99,-99,.../100.0,.../90.5,-99,-99
Tonga,Polynesia,747,108,150.0,100.7,402,3.8,3784.5,22.4,21.5,56.1,33.3,28.2,38.5,4.8,52.9/73.9,134,134,14,209,-196,-33,0.4,23.7,0.7,3.8,75.6/69.6,35.8/8.5,5.7/5.4,...,20.6,5.2,...,...,107.5/108.6,94.2/86.4,.../...,3.8,65.6,45.0,79,12.5,0.1/1.1,0,15,99.7/99.6,97.6/89.0,18.30,-99
Trinidad and Tobago,Caribbean,5127,1369,266.9,97.1,25927,0.2,19062.9,0.5,42.5,57.0,4.1,31.6,64.3,4.2,52.4/73.2,95,95,4576,4826,-249,...,0.5,8.4,-1.2,1.8,73.8/66.9,20.7/15.0,49.9/3.7,0.2,24.8,5.9,...,...,.../...,.../...,.../...,31.0,157.7,69.2,69,45.4,46.3/34.2,1663,607,95.1/95.1,91.5/91.5,...,-99
Tunisia,NorthernAfrica,163610,11532,74.2,97.6,41199,0.8,3660.9,10.3,27.8,62.0,11.7,29.4,58.9,14.6,25.1/71.3,108,108,13483,19456,-5973,-3850,1.2,66.8,1.4,2.3,77.1/73.0,24.0/12.3,56.7/0.5,0.7,18.5,7.0,1.6,6.3,112.5/115.8,94.2/90.0,43.3/26.2,31.3,129.9,48.5,96,6.6,28.8/2.6,274,39,100.0/93.2,97.4/79.8,1.14,-99
Turkey,WesternAsia,783562,80745,104.9,97.0,717888,4.0,9125.8,8.6,26.4,65.0,19.6,27.5,52.9,10.8,30.4/71.4,120,122,142606,198602,-55996,-32278,1.6,73.4,2.0,2.1,78.1/71.5,25.0/12.0,2964.9/3.8,3006.3,12.6,5.4,1.7,4.8,102.1/102.8,101.1/103.8,88.3/101.0,14.9,96.0,53.7,388,15.1,346.0/4.5,1303,65,100.0/100.0,98.3/85.5,0.30,-99
Turkmenistan,CentralAsia,488100,5758,12.3,97.0,37597,6.5,6996.7,13.4,51.0,35.6,17.9,37.4,44.7,8.6,47.3/77.7,103,109,3741,2616,1125,-99,1.8,50.0,1.9,3.0,70.8/63.9,30.9/7.3,196.4/3.7,7.2,46.9,2.1,2.3,3.1,88.6/90.1,83.7/86.9,6.2/9.7,25.8,145.9,15.0,54,8.8,68.4/12.9,3270,212,.../...,.../...,0.07,-99
Turks and Caicos Islands,Caribbean,948,35,37.3,104.1,863,4.1,25121.8,0.6,10.4,89.0,...,...,...,...,-99,-99,-99,4,389,-385,-99,2.0,92.2,2.5,-99,77.8/75.8,19.2/7.6,11.7/34.0,~0.0,-99,-99,-99,3.3,-99,-99,-99,-99,-99,-99,60,36.2,0.2/6.1,0,86,.../...,.../...,-99,-99
Tuvalu,Polynesia,26,11,373.1,102.0,33,3.5,3362.4,26.0,7.6,66.4,-99,-99,-99,...,.../...,110,110,~0,12,-12,7,0.9,59.7,1.9,3.6,.../...,31.1/9.9,0.1/1.4,-99,...,16.5,...,-99,104.3/103.0,97.5/76.0,-99,6.7,40.3,42.7,96,33.3,~0.0/...,-99,13,98.3/97.0,86.3/80.2,63.52,-99
Uganda,EasternAfrica,241550,42863,214.5,99.0,25282,5.4,647.7,25.6,21.5,52.9,72.0,7.4,20.5,2.4,82.3/87.7,93,90,2755,3750,-996,-2353,3.4,16.1,5.4,5.9,60.7/56.5,47.7/3.3,749.5/1.9,727.1,60.2,7.2,...,2.2,110.9/108.9,22.1/24.3,4.2/5.4,34.3,50.4,19.2,196,11.0,5.2/0.1,409,12,95.5/75.8,28.5/17.3,6.35,-99
Ukraine,EasternEurope,603500,44223,76.3,86.0,90615,-9.9,2021.6,14.0,26.3,59.7,15.7,24.6,59.7,8.8,52.3/67.5,137,137,36369,39184,-2815,-189,-0.5,69.7,-0.3,1.5,76.0/66.1,15.5/23.2,4834.9/10.8,1644.8,8.8,7.1,3.0,5.9,105.1/102.8,98.2/100.2,88.4/76.5,12.3,144.0,49.3,102,16.6,227.3/5.1,3203,98,95.5/97.8,97.4/92.6,1.63,-99
United Arab Emirates,WesternAsia,83600,9400,112.4,262.4,370296,3.8,40438.8,0.7,44.9,54.4,3.5,21.1,75.4,3.7,41.7/90.8,70,70,195613,201908,-6296,-99,2.0,85.5,2.9,1.8,78.2/76.0,13.9/2.4,8095.1/88.4,1.3,6.2,3.6,1.6,-99,116.0/116.7,-99,-99,20.0,187.4,91.2,56,3.8,211.4/23.2,8642,366,99.6/100.0,98.0/95.2,-99,-99
United Kingdom,NorthernEurope,242495,66182,273.6,97.4,2858003,2.2,44162.4,0.7,19.4,79.9,1.2,18.4,80.4,5.0,57.0/68.6,108,108,415856,635570,-219713,-122571,0.6,82.6,0.9,1.9,82.8/79.0,17.7/23.9,8543.1/13.2,151.7,4.1,9.1,2.8,5.7,108.1/108.4,130.4/125.3,64.1/49.0,30.0,125.8,92.0,102,12.9,419.8/6.5,4482,116,100.0/100.0,99.1/99.6,-99,-99
United Republic of Tanzania,EasternAfrica,947303,57310,64.7,97.8,45628,7.0,877.3,31.1,26.1,42.9,66.9,6.4,26.7,2.7,73.9/83.2,176,180,4742,7876,-3134,-3312,3.1,31.6,5.4,5.2,64.8/60.8,44.9/4.7,261.2/0.5,402.1,44.0,5.6,~0.0,3.5,82.9/80.5,30.8/33.7,2.5/4.9,36.4,75.9,5.4,1082,52.4,11.6/0.2,935,20,77.2/45.5,31.3/8.3,5.85,-99
United States of America,NorthernAmerica,9833517,324460,35.5,98.0,18036648,2.6,56053.8,1.0,19.7,79.3,1.5,17.2,81.3,4.9,55.7/68.1,111,113,1453167,2249661,-796494,-462961,0.7,81.6,1.0,1.9,81.2/76.5,18.9/21.5,46627.1/14.5,616.5,6.0,17.1,2.6,5.4,100.0/100.3,98.5/96.7,99.6/72.8,19.1,117.6,74.6,1513,33.9,5254.3/16.2,83887,289,99.4/98.2,100.0/100.0,-99,-99
United States Virgin Islands,Caribbean,347,105,299.7,91.1,-99,-99,-99,-99,-99,-99,10.9,24.0,65.2,9.0,52.5/70.7,109,109,-99,-99,-99,-99,-0.2,95.3,0.3,2.3,81.5/76.7,20.1/25.3,56.7/53.4,-99,9.3,-99,-99,-99,-99,-99,-99,-99,...,54.8,58,50.6,-99,-99,-99,100.0/100.0,96.4/96.4,-99,-99
Uruguay,SouthAmerica,173626,3457,19.8,93.5,53442,1.0,15573.8,6.8,28.0,65.2,8.7,20.5,70.8,8.8,55.6/76.3,129,130,6964,8137,-1173,-1141,0.3,95.3,0.5,2.0,80.4/73.2,21.1/19.5,71.8/2.1,0.5,12.7,8.6,...,4.4,107.3/109.8,100.0/90.3,.../...,20.2,160.2,64.6,106,10.4,6.7/2.0,113,58,100.0/93.9,96.6/92.6,0.04,-99
Uzbekistan,CentralAsia,448969,31911,75.0,99.4,69004,6.8,2308.3,19.2,32.9,47.9,29.0,23.9,47.1,8.9,48.5/76.6,158,174,27947,25652,2295,-99,1.6,36.4,1.4,2.4,73.5/68.1,28.0/7.6,1170.9/3.9,86.7,31.3,5.8,2.5,-99,103.2/105.6,95.1/96.8,7.1/11.0,16.0,73.3,42.8,59,7.6,105.2/3.6,2339,62,98.5/80.9,100.0/100.0,0.66,-99
Vanuatu,Melanesia,12189,276,22.7,102.4,737,-1.0,2783.0,26.7,8.4,64.9,61.4,6.8,31.8,5.3,61.7/80.5,123,122,50,416,-366,-82,2.3,26.1,3.4,3.4,73.6/69.4,35.9/6.7,3.2/1.2,~0.0,24.3,5.0,0.2,5.5,118.7/120.6,56.4/53.4,.../...,0.0,66.2,22.4,137,36.1,0.2/0.6,1,12,98.9/92.9,65.1/55.4,12.32,-99
Venezuela (Bolivarian Republic of),SouthAmerica,912050,31977,36.3,99.0,344331,-6.2,11068.9,5.3,44.7,50.0,11.9,26.8,61.3,6.6,51.5/78.3,118,119,19731,16324,3407,-20360,1.4,89.0,1.5,2.4,78.2/69.9,27.6/9.9,1404.4/4.5,174.2,13.8,5.3,...,...,98.6/101.3,93.0/86.5,.../...,22.2,93.0,61.9,328,53.1,185.2/6.1,7460,90,95.0/77.9,97.5/69.9,0.01,-99
Viet Nam,South-easternAsia,330967,95541,308.1,98.0,193241,6.7,2067.9,18.9,37.0,44.2,41.8,22.9,35.2,2.2,73.9/83.3,136,134,176632,174111,2520,906,1.1,33.6,3.0,2.0,80.3/70.7,23.1/11.1,72.8/0.1,11.0,19.3,7.1,1.2,5.7,108.4/109.3,-99,28.9/28.8,26.7,130.6,52.7,616,47.2,166.9/1.8,2977,30,99.1/96.9,94.4/69.7,1.73,-99
Wallis and Futuna Islands,Polynesia,142,12,84.1,93.4,-99,-99,-99,-99,-99,-99,-99,-99,-99,-99,-99,115,115,1,53,-51,-99,-2.1,0.0,0.0,2.1,78.7/72.8,25.5/15.4,2.8/21.7,-99,...,-99,-99,-99,-99,-99,-99,-99,-99,9.0,89,41.6,~0.0/1.6,-99,26,-99,-99,-99,-99
Western Sahara,NorthernAfrica,266000,553,2.1,110.1,-99,-99,-99,-99,-99,-99,37.4,27.9,34.7,6.8,28.6/83.3,100,100,-99,-99,-99,-99,1.8,80.9,3.3,2.6,70.3/66.9,28.1/5.4,5.2/0.9,-99,34.1,-99,-99,-99,-99,-99,-99,-99,-99,-99,49,2.7,-99,-99,-99,-99,-99,-99,-99
Yemen,WesternAsia,527968,28250,53.5,102.1,29688,-28.1,1106.4,14.7,36.9,48.4,32.9,17.9,49.2,16.1,26.2/73.7,136,137,570,6861,-6291,-3026,2.6,34.6,4.0,4.4,65.6/62.8,39.9/4.6,344.1/1.3,3371.4,47.2,5.6,0.3,...,88.9/105.7,39.5/57.4,6.1/13.7,0.0,68.0,25.1,298,1.0,22.7/0.9,668,12,72.0/46.5,92.5/34.1,2.99,-99
Zambia,EasternAfrica,752612,17094,23.0,98.5,21255,2.9,1311.1,8.2,32.3,59.5,54.8,9.9,35.3,7.4,69.9/80.9,179,180,6505,7442,-937,-768,3.0,40.9,4.3,5.2,61.9/57.5,44.8/3.7,127.9/0.8,55.3,53.8,5.0,0.2,...,104.0/103.3,-99,3.4/4.5,18.0,74.5,21.0,88,65.6,4.5/0.3,374,26,85.6/51.3,55.6/35.7,3.96,-99
Zimbabwe,EasternAfrica,390757,16530,42.7,95.0,13893,1.1,890.4,13.0,30.5,56.5,67.5,7.3,25.2,5.0,78.0/87.5,99,98,2832,5212,-2379,-1521,2.3,32.4,2.3,4.0,59.0/56.1,41.2/4.2,398.9/2.6,308.6,46.5,6.0,0.1,8.4,99.1/100.8,47.1/48.1,8.0/8.9,32.6,84.8,16.4,89,37.2,12.0/0.8,482,30,97.0/67.3,49.3/30.8,6.00,-99
